,kl,js,acc_real_real,acc_real_gen,acc_gen_real,acc_gen_gen,n_val
0,1.5610687732696533,0.41311582922935486,0.8405263157894737,0.838421052631579,0.8421052631578947,0.8410526315789474,1900
