,kl,js,acc_real_real,acc_real_gen,acc_gen_real,acc_gen_gen,n_val
0,4.053552150726318,0.663949191570282,0.8410526315789474,0.9078947368421053,0.8321052631578948,0.9273684210526316,1900
