,kl,js,acc_real_real,acc_real_gen,acc_gen_real,acc_gen_gen,n_val
0,0.6903494596481323,0.2765255570411682,0.8421052631578947,0.8436842105263158,0.8426315789473684,0.8426315789473684,1900
