,kl,js,acc_real_real,acc_real_gen,acc_gen_real,acc_gen_gen,n_val
0,0.8365799188613892,0.13606423139572144,0.8415789473684211,0.8421052631578947,0.8410526315789474,0.8531578947368421,1900
