,kl,js,acc_real_real,acc_real_gen,acc_gen_real,acc_gen_gen,n_val
0,0.7897536158561707,0.1775667667388916,0.84,0.8305263157894737,0.8473684210526315,0.8378947368421052,1900
