,kl,js,acc_real_real,acc_real_gen,acc_gen_real,acc_gen_gen,n_val
0,4.56193208694458,0.8160064816474915,0.8394736842105263,0.8610526315789474,0.8268421052631579,0.901578947368421,1900
