,kl,js,acc_real_real,acc_real_gen,acc_gen_real,acc_gen_gen,n_val
0,1.3999552726745605,0.585866391658783,0.8478947368421053,0.8510526315789474,0.8442105263157895,0.8552631578947368,1900
