,kl,js,acc_real_real,acc_real_gen,acc_gen_real,acc_gen_gen,n_val
0,0.8296636343002319,0.3018346130847931,0.838421052631579,0.8831578947368421,0.8426315789473684,0.8931578947368422,1900
