,kl,js,acc_real_real,acc_real_gen,acc_gen_real,acc_gen_gen,n_val
0,1.270848035812378,0.4624057710170746,0.8457894736842105,0.8421052631578947,0.8405263157894737,0.8442105263157895,1900
