,kl,js,acc_real_real,acc_real_gen,acc_gen_real,acc_gen_gen,n_val
0,0.785416305065155,0.2706175148487091,0.8442105263157895,0.838421052631579,0.8447368421052631,0.8468421052631578,1900
