,kl,js,acc_real_real,acc_real_gen,acc_gen_real,acc_gen_gen,n_val
0,3.414123058319092,0.5258661508560181,0.8421052631578947,0.9010526315789473,0.8347368421052631,0.9157894736842105,1900
