,kl,js,acc_real_real,acc_real_gen,acc_gen_real,acc_gen_gen,n_val
0,1.1067477464675903,0.46828871965408325,0.8421052631578947,0.87,0.8442105263157895,0.8736842105263158,1900
