,kl,js,acc_real_real,acc_real_gen,acc_gen_real,acc_gen_gen,n_val
0,7.493946552276611,0.8091598749160767,0.8405263157894737,0.9063157894736842,0.8415789473684211,0.9168421052631579,1900
