,kl,js,acc_real_real,acc_real_gen,acc_gen_real,acc_gen_gen,n_val
0,4.681656360626221,0.7413725256919861,0.8410526315789474,0.8910526315789473,0.8363157894736842,0.9242105263157895,1900
