,kl,js,acc_real_real,acc_real_gen,acc_gen_real,acc_gen_gen,n_val
0,4.2253289222717285,0.7231140732765198,0.8389473684210527,0.8963157894736842,0.828421052631579,0.9210526315789473,1900
