,kl,js,acc_real_real,acc_real_gen,acc_gen_real,acc_gen_gen,n_val
0,0.549719512462616,0.22321602702140808,0.8405263157894737,0.8573684210526316,0.838421052631579,0.8663157894736843,1900
