,kl,js,acc_real_real,acc_real_gen,acc_gen_real,acc_gen_gen,n_val
0,6.526203155517578,0.7998206615447998,0.8447368421052631,0.9063157894736842,0.8373684210526315,0.9194736842105263,1900
