,kl,js,acc_real_real,acc_real_gen,acc_gen_real,acc_gen_gen,n_val
0,1.3328474760055542,0.41271933913230896,0.8447368421052631,0.8342105263157895,0.8463157894736842,0.8342105263157895,1900
