,kl,js,acc_real_real,acc_real_gen,acc_gen_real,acc_gen_gen,n_val
0,0.6377302408218384,0.18545332551002502,0.8447368421052631,0.8636842105263158,0.8457894736842105,0.8673684210526316,1900
