,kl,js,acc_real_real,acc_real_gen,acc_gen_real,acc_gen_gen,n_val
0,0.10837938636541367,0.16872113943099976,0.8426315789473684,0.8457894736842105,0.8363157894736842,0.85,1900
