,kl,js,acc_real_real,acc_real_gen,acc_gen_real,acc_gen_gen,n_val
0,0.5482551455497742,0.3246195912361145,0.8436842105263158,0.8426315789473684,0.8415789473684211,0.8557894736842105,1900
