,kl,js,acc_real_real,acc_real_gen,acc_gen_real,acc_gen_gen,n_val
0,1.5217479467391968,0.4948362112045288,0.8463157894736842,0.8578947368421053,0.84,0.861578947368421,1900
