,kl,js,acc_real_real,acc_real_gen,acc_gen_real,acc_gen_gen,n_val
0,0.21248207986354828,0.13625210523605347,0.8410526315789474,0.8431578947368421,0.8442105263157895,0.84,1900
