,kl,js,acc_real_real,acc_real_gen,acc_gen_real,acc_gen_gen,n_val
0,0.10417146980762482,0.039281636476516724,0.8468421052631578,0.8336842105263158,0.8426315789473684,0.8410526315789474,1900
