,kl,js,acc_real_real,acc_real_gen,acc_gen_real,acc_gen_gen,n_val
0,0.6990096569061279,0.3050374984741211,0.8468421052631578,0.8510526315789474,0.8447368421052631,0.8552631578947368,1900
