,kl,js,acc_real_real,acc_real_gen,acc_gen_real,acc_gen_gen,n_val
0,1.9911130666732788,0.6661108732223511,0.8426315789473684,0.8868421052631579,0.8415789473684211,0.8936842105263157,1900
