,kl,js,acc_real_real,acc_real_gen,acc_gen_real,acc_gen_gen,n_val
0,1.1882075071334839,0.40905728936195374,0.8373684210526315,0.8605263157894737,0.8426315789473684,0.868421052631579,1900
