,kl,js,acc_real_real,acc_real_gen,acc_gen_real,acc_gen_gen,n_val
0,5.030857563018799,0.735823392868042,0.8394736842105263,0.9010526315789473,0.8347368421052631,0.9173684210526316,1900
