,kl,js,acc_real_real,acc_real_gen,acc_gen_real,acc_gen_gen,n_val
0,0.4904695153236389,0.039492636919021606,0.8421052631578947,0.8452631578947368,0.8442105263157895,0.8510526315789474,1900
