,kl,js,acc_real_real,acc_real_gen,acc_gen_real,acc_gen_gen,n_val
0,1.1219130754470825,0.4456041753292084,0.8442105263157895,0.8673684210526316,0.8436842105263158,0.8726315789473684,1900
