,kl,js,acc_real_real,acc_real_gen,acc_gen_real,acc_gen_gen,n_val
0,0.6038630604743958,0.03708839416503906,0.8447368421052631,0.8331578947368421,0.8421052631578947,0.8378947368421052,1900
