,kl,js,acc_real_real,acc_real_gen,acc_gen_real,acc_gen_gen,n_val
0,0.8053560853004456,0.28795430064201355,0.8431578947368421,0.8557894736842105,0.8431578947368421,0.8542105263157894,1900
