,kl,js,acc_real_real,acc_real_gen,acc_gen_real,acc_gen_gen,n_val
0,0.4568954110145569,0.14230486750602722,0.8457894736842105,0.8157894736842105,0.8452631578947368,0.8247368421052632,1900
