,kl,js,acc_real_real,acc_real_gen,acc_gen_real,acc_gen_gen,n_val
0,2.047478199005127,0.5403014421463013,0.8457894736842105,0.86,0.84,0.8626315789473684,1900
