,kl,js,acc_real_real,acc_real_gen,acc_gen_real,acc_gen_gen,n_val
0,1.1637818813323975,0.4274829924106598,0.8447368421052631,0.8447368421052631,0.8410526315789474,0.8478947368421053,1900
