,kl,js,acc_real_real,acc_real_gen,acc_gen_real,acc_gen_gen,n_val
0,1.3570996522903442,0.3995719254016876,0.8473684210526315,0.8331578947368421,0.8463157894736842,0.8373684210526315,1900
