,kl,js,acc_real_real,acc_real_gen,acc_gen_real,acc_gen_gen,n_val
0,5.122928142547607,0.6600774526596069,0.8447368421052631,0.9194736842105263,0.8389473684210527,0.9436842105263158,1900
