,kl,js,acc_real_real,acc_real_gen,acc_gen_real,acc_gen_gen,n_val
0,1.307765007019043,0.4408927857875824,0.8415789473684211,0.8647368421052631,0.8463157894736842,0.8747368421052631,1900
