,kl,js,acc_real_real,acc_real_gen,acc_gen_real,acc_gen_gen,n_val
0,0.8343801498413086,0.2839519679546356,0.8468421052631578,0.8536842105263158,0.8463157894736842,0.858421052631579,1900
