,kl,js,acc_real_real,acc_real_gen,acc_gen_real,acc_gen_gen,n_val
0,0.8287412524223328,0.30288809537887573,0.84,0.8831578947368421,0.8436842105263158,0.891578947368421,1900
