,kl,js,acc_real_real,acc_real_gen,acc_gen_real,acc_gen_gen,n_val
0,0.7777285575866699,0.29381605982780457,0.8415789473684211,0.8552631578947368,0.8410526315789474,0.8552631578947368,1900
