,kl,js,acc_real_real,acc_real_gen,acc_gen_real,acc_gen_gen,n_val
0,1.3430198431015015,0.4501800537109375,0.8394736842105263,0.8673684210526316,0.8421052631578947,0.8789473684210526,1900
