,kl,js,acc_real_real,acc_real_gen,acc_gen_real,acc_gen_gen,n_val
0,1.2582502365112305,0.41273435950279236,0.8378947368421052,0.8578947368421053,0.8431578947368421,0.8631578947368421,1900
