,kl,js,acc_real_real,acc_real_gen,acc_gen_real,acc_gen_gen,n_val
0,2.1499600410461426,0.6702033877372742,0.8431578947368421,0.8836842105263157,0.8389473684210527,0.8957894736842106,1900
