,kl,js,acc_real_real,acc_real_gen,acc_gen_real,acc_gen_gen,n_val
0,4.233851909637451,0.6012274622917175,0.84,0.9121052631578948,0.8357894736842105,0.9257894736842105,1900
