,kl,js,acc_real_real,acc_real_gen,acc_gen_real,acc_gen_gen,n_val
0,0.8236085176467896,0.3026285171508789,0.8431578947368421,0.85,0.8405263157894737,0.8647368421052631,1900
