,kl,js,acc_real_real,acc_real_gen,acc_gen_real,acc_gen_gen,n_val
0,0.18283133208751678,0.03572291135787964,0.8436842105263158,0.8336842105263158,0.8447368421052631,0.8410526315789474,1900
