,kl,js,acc_real_real,acc_real_gen,acc_gen_real,acc_gen_gen,n_val
0,1.8469513654708862,0.5781913995742798,0.8473684210526315,0.8410526315789474,0.8431578947368421,0.8457894736842105,1900
