,kl,js,acc_real_real,acc_real_gen,acc_gen_real,acc_gen_gen,n_val
0,0.34444883465766907,0.10778766870498657,0.8405263157894737,0.85,0.8415789473684211,0.8505263157894737,1900
