,kl,js,acc_real_real,acc_real_gen,acc_gen_real,acc_gen_gen,n_val
0,1.2917718887329102,0.45308229327201843,0.8452631578947368,0.8678947368421053,0.8426315789473684,0.8752631578947369,1900
