,kl,js,acc_real_real,acc_real_gen,acc_gen_real,acc_gen_gen,n_val
0,1.67039954662323,0.5561819076538086,0.8489473684210527,0.8526315789473684,0.8442105263157895,0.8557894736842105,1900
