,kl,js,acc_real_real,acc_real_gen,acc_gen_real,acc_gen_gen,n_val
0,3.7707173824310303,0.5770228505134583,0.8394736842105263,0.9152631578947369,0.838421052631579,0.9294736842105263,1900
