,kl,js,acc_real_real,acc_real_gen,acc_gen_real,acc_gen_gen,n_val
0,0.5014510154724121,0.1769983172416687,0.8457894736842105,0.8631578947368421,0.8468421052631578,0.8626315789473684,1900
