,kl,js,acc_real_real,acc_real_gen,acc_gen_real,acc_gen_gen,n_val
0,4.657328128814697,0.7957011461257935,0.8431578947368421,0.86,0.8268421052631579,0.9031578947368422,1900
