,kl,js,acc_real_real,acc_real_gen,acc_gen_real,acc_gen_gen,n_val
0,0.3742371201515198,0.14463284611701965,0.8431578947368421,0.838421052631579,0.848421052631579,0.838421052631579,1900
