,kl,js,acc_real_real,acc_real_gen,acc_gen_real,acc_gen_gen,n_val
0,0.7584947943687439,0.2903081178665161,0.8405263157894737,0.8473684210526315,0.8442105263157895,0.838421052631579,1900
