,kl,js,acc_real_real,acc_real_gen,acc_gen_real,acc_gen_gen,n_val
0,1.4608057737350464,0.5594929456710815,0.8431578947368421,0.8526315789473684,0.8431578947368421,0.8605263157894737,1900
