,kl,js,acc_real_real,acc_real_gen,acc_gen_real,acc_gen_gen,n_val
0,5.747776985168457,0.7952669858932495,0.8436842105263158,0.9031578947368422,0.8363157894736842,0.9168421052631579,1900
