,kl,js,acc_real_real,acc_real_gen,acc_gen_real,acc_gen_gen,n_val
0,2.055577278137207,0.624517560005188,0.8452631578947368,0.8431578947368421,0.8415789473684211,0.8452631578947368,1900
