,kl,js,acc_real_real,acc_real_gen,acc_gen_real,acc_gen_gen,n_val
0,3.4306893348693848,0.49940574169158936,0.8421052631578947,0.9005263157894737,0.8373684210526315,0.9157894736842105,1900
