,kl,js,acc_real_real,acc_real_gen,acc_gen_real,acc_gen_gen,n_val
0,0.08209879696369171,0.08899101614952087,0.84,0.8442105263157895,0.8431578947368421,0.8457894736842105,1900
