,kl,js,acc_real_real,acc_real_gen,acc_gen_real,acc_gen_gen,n_val
0,4.327173709869385,0.6452174186706543,0.8431578947368421,0.9105263157894737,0.8368421052631579,0.9273684210526316,1900
