,kl,js,acc_real_real,acc_real_gen,acc_gen_real,acc_gen_gen,n_val
0,4.200786113739014,0.7460601329803467,0.8436842105263158,0.8942105263157895,0.8273684210526315,0.9178947368421052,1900
