,kl,js,acc_real_real,acc_real_gen,acc_gen_real,acc_gen_gen,n_val
0,0.7947536706924438,0.28519168496131897,0.8436842105263158,0.8536842105263158,0.8421052631578947,0.8557894736842105,1900
