,kl,js,acc_real_real,acc_real_gen,acc_gen_real,acc_gen_gen,n_val
0,0.11609021574258804,0.033624231815338135,0.8394736842105263,0.8436842105263158,0.8442105263157895,0.8478947368421053,1900
