,kl,js,acc_real_real,acc_real_gen,acc_gen_real,acc_gen_gen,n_val
0,0.5644464492797852,0.1058087944984436,0.8442105263157895,0.8173684210526316,0.8457894736842105,0.8310526315789474,1900
