,kl,js,acc_real_real,acc_real_gen,acc_gen_real,acc_gen_gen,n_val
0,1.3028982877731323,0.40706196427345276,0.8436842105263158,0.8394736842105263,0.8421052631578947,0.8368421052631579,1900
