,kl,js,acc_real_real,acc_real_gen,acc_gen_real,acc_gen_gen,n_val
0,1.2075556516647339,0.4409988522529602,0.8457894736842105,0.8489473684210527,0.8389473684210527,0.8468421052631578,1900
