,kl,js,acc_real_real,acc_real_gen,acc_gen_real,acc_gen_gen,n_val
0,0.47315913438796997,0.16786447167396545,0.8415789473684211,0.8636842105263158,0.8431578947368421,0.8605263157894737,1900
