,kl,js,acc_real_real,acc_real_gen,acc_gen_real,acc_gen_gen,n_val
0,0.4763815402984619,0.2191249430179596,0.8405263157894737,0.8363157894736842,0.8442105263157895,0.8378947368421052,1900
