,kl,js,acc_real_real,acc_real_gen,acc_gen_real,acc_gen_gen,n_val
0,1.2213704586029053,0.4070642292499542,0.848421052631579,0.8526315789473684,0.8410526315789474,0.8594736842105263,1900
