,kl,js,acc_real_real,acc_real_gen,acc_gen_real,acc_gen_gen,n_val
0,4.835904121398926,0.6625167727470398,0.8363157894736842,0.8894736842105263,0.8273684210526315,0.9231578947368421,1900
