,kl,js,acc_real_real,acc_real_gen,acc_gen_real,acc_gen_gen,n_val
0,3.5372753143310547,0.537057638168335,0.8415789473684211,0.9,0.838421052631579,0.9163157894736842,1900
