,kl,js,acc_real_real,acc_real_gen,acc_gen_real,acc_gen_gen,n_val
0,1.178908109664917,0.4112797677516937,0.8415789473684211,0.858421052631579,0.8415789473684211,0.8636842105263158,1900
