,kl,js,acc_real_real,acc_real_gen,acc_gen_real,acc_gen_gen,n_val
0,0.11151865124702454,0.04047629237174988,0.8378947368421052,0.8352631578947368,0.8468421052631578,0.8421052631578947,1900
