,kl,js,acc_real_real,acc_real_gen,acc_gen_real,acc_gen_gen,n_val
0,1.9874807596206665,0.5656955242156982,0.8389473684210527,0.8578947368421053,0.8421052631578947,0.8657894736842106,1900
