,kl,js,acc_real_real,acc_real_gen,acc_gen_real,acc_gen_gen,n_val
0,2.011084794998169,0.6765496134757996,0.8394736842105263,0.8836842105263157,0.8389473684210527,0.8978947368421053,1900
