,kl,js,acc_real_real,acc_real_gen,acc_gen_real,acc_gen_gen,n_val
0,1.5783119201660156,0.469798743724823,0.8394736842105263,0.8563157894736843,0.8447368421052631,0.861578947368421,1900
