,kl,js,acc_real_real,acc_real_gen,acc_gen_real,acc_gen_gen,n_val
0,1.2496665716171265,0.4144670069217682,0.8436842105263158,0.8489473684210527,0.838421052631579,0.858421052631579,1900
