,kl,js,acc_real_real,acc_real_gen,acc_gen_real,acc_gen_gen,n_val
0,0.7718924880027771,0.3154657781124115,0.8436842105263158,0.8526315789473684,0.8405263157894737,0.8573684210526316,1900
