,kl,js,acc_real_real,acc_real_gen,acc_gen_real,acc_gen_gen,n_val
0,0.2872331440448761,0.09523472189903259,0.838421052631579,0.8389473684210527,0.8410526315789474,0.8431578947368421,1900
