,kl,js,acc_real_real,acc_real_gen,acc_gen_real,acc_gen_gen,n_val
0,0.7928564548492432,0.30063357949256897,0.8457894736842105,0.8878947368421053,0.8431578947368421,0.89,1900
