,kl,js,acc_real_real,acc_real_gen,acc_gen_real,acc_gen_gen,n_val
0,0.8268693089485168,0.29773902893066406,0.8426315789473684,0.8542105263157894,0.8405263157894737,0.8605263157894737,1900
