,kl,js,acc_real_real,acc_real_gen,acc_gen_real,acc_gen_gen,n_val
0,5.1186723709106445,0.7078825831413269,0.8436842105263158,0.9184210526315789,0.8331578947368421,0.9463157894736842,1900
