,kl,js,acc_real_real,acc_real_gen,acc_gen_real,acc_gen_gen,n_val
0,5.127747535705566,0.7243382930755615,0.8410526315789474,0.9042105263157895,0.8331578947368421,0.9173684210526316,1900
