,kl,js,acc_real_real,acc_real_gen,acc_gen_real,acc_gen_gen,n_val
0,0.10624337196350098,0.039097487926483154,0.8394736842105263,0.8452631578947368,0.8431578947368421,0.8463157894736842,1900
