,kl,js,acc_real_real,acc_real_gen,acc_gen_real,acc_gen_gen,n_val
0,0.982176661491394,0.3781934380531311,0.8431578947368421,0.8394736842105263,0.8436842105263158,0.8463157894736842,1900
