,kl,js,acc_real_real,acc_real_gen,acc_gen_real,acc_gen_gen,n_val
0,0.7814602255821228,0.3014638423919678,0.8452631578947368,0.8442105263157895,0.85,0.848421052631579,1900
