,kl,js,acc_real_real,acc_real_gen,acc_gen_real,acc_gen_gen,n_val
0,4.949711322784424,0.7188802361488342,0.8426315789473684,0.921578947368421,0.8363157894736842,0.9468421052631579,1900
