,kl,js,acc_real_real,acc_real_gen,acc_gen_real,acc_gen_gen,n_val
0,4.756842136383057,0.7698571085929871,0.8421052631578947,0.8578947368421053,0.8289473684210527,0.8989473684210526,1900
