,kl,js,acc_real_real,acc_real_gen,acc_gen_real,acc_gen_gen,n_val
0,5.417205333709717,0.7225157022476196,0.8426315789473684,0.9057894736842105,0.8315789473684211,0.9168421052631579,1900
