,kl,js,acc_real_real,acc_real_gen,acc_gen_real,acc_gen_gen,n_val
0,1.4085124731063843,0.5176692008972168,0.8405263157894737,0.8631578947368421,0.8426315789473684,0.8789473684210526,1900
