,kl,js,acc_real_real,acc_real_gen,acc_gen_real,acc_gen_gen,n_val
0,1.1547054052352905,0.3960169553756714,0.8421052631578947,0.8421052631578947,0.838421052631579,0.8431578947368421,1900
