,kl,js,acc_real_real,acc_real_gen,acc_gen_real,acc_gen_gen,n_val
0,0.6858298778533936,0.3418533205986023,0.8510526315789474,0.8515789473684211,0.8410526315789474,0.8531578947368421,1900
