,kl,js,acc_real_real,acc_real_gen,acc_gen_real,acc_gen_gen,n_val
0,0.5568825006484985,0.13386225700378418,0.8447368421052631,0.8515789473684211,0.8415789473684211,0.8521052631578947,1900
