,kl,js,acc_real_real,acc_real_gen,acc_gen_real,acc_gen_gen,n_val
0,4.799607276916504,0.7511020302772522,0.8410526315789474,0.8889473684210526,0.8342105263157895,0.9226315789473685,1900
