,kl,js,acc_real_real,acc_real_gen,acc_gen_real,acc_gen_gen,n_val
0,0.4376777708530426,0.2208946943283081,0.8447368421052631,0.8363157894736842,0.8468421052631578,0.8410526315789474,1900
