,kl,js,acc_real_real,acc_real_gen,acc_gen_real,acc_gen_gen,n_val
0,0.6823586225509644,0.2817403972148895,0.8405263157894737,0.8342105263157895,0.8436842105263158,0.8452631578947368,1900
