,kl,js,acc_real_real,acc_real_gen,acc_gen_real,acc_gen_gen,n_val
0,0.55401211977005,0.24236589670181274,0.84,0.8626315789473684,0.84,0.8678947368421053,1900
