,kl,js,acc_real_real,acc_real_gen,acc_gen_real,acc_gen_gen,n_val
0,0.10845665633678436,0.03796887397766113,0.8405263157894737,0.8336842105263158,0.84,0.8447368421052631,1900
