,kl,js,acc_real_real,acc_real_gen,acc_gen_real,acc_gen_gen,n_val
0,2.040994882583618,0.6014491319656372,0.8436842105263158,0.8436842105263158,0.8410526315789474,0.8415789473684211,1900
