,kl,js,acc_real_real,acc_real_gen,acc_gen_real,acc_gen_gen,n_val
0,3.454395294189453,0.6062163710594177,0.838421052631579,0.9157894736842105,0.8368421052631579,0.9284210526315789,1900
