,kl,js,acc_real_real,acc_real_gen,acc_gen_real,acc_gen_gen,n_val
0,0.855621874332428,0.30786582827568054,0.84,0.8531578947368421,0.8421052631578947,0.8610526315789474,1900
