,kl,js,acc_real_real,acc_real_gen,acc_gen_real,acc_gen_gen,n_val
0,0.67643803358078,0.30046936869621277,0.8415789473684211,0.8510526315789474,0.84,0.8568421052631578,1900
