,kl,js,acc_real_real,acc_real_gen,acc_gen_real,acc_gen_gen,n_val
0,0.2633967101573944,0.10783940553665161,0.8457894736842105,0.8131578947368421,0.8463157894736842,0.8252631578947368,1900
