,kl,js,acc_real_real,acc_real_gen,acc_gen_real,acc_gen_gen,n_val
0,1.1642459630966187,0.41545236110687256,0.8421052631578947,0.848421052631579,0.8421052631578947,0.8557894736842105,1900
