,kl,js,acc_real_real,acc_real_gen,acc_gen_real,acc_gen_gen,n_val
0,0.5552142262458801,0.2932121455669403,0.8426315789473684,0.8336842105263158,0.8447368421052631,0.838421052631579,1900
