,kl,js,acc_real_real,acc_real_gen,acc_gen_real,acc_gen_gen,n_val
0,0.7678510546684265,0.29523491859436035,0.8431578947368421,0.85,0.8447368421052631,0.8468421052631578,1900
