,kl,js,acc_real_real,acc_real_gen,acc_gen_real,acc_gen_gen,n_val
0,0.8388139009475708,0.27474531531333923,0.8463157894736842,0.8347368421052631,0.8447368421052631,0.8452631578947368,1900
