,kl,js,acc_real_real,acc_real_gen,acc_gen_real,acc_gen_gen,n_val
0,0.21834953129291534,0.05363363027572632,0.84,0.8315789473684211,0.8452631578947368,0.838421052631579,1900
