,kl,js,acc_real_real,acc_real_gen,acc_gen_real,acc_gen_gen,n_val
0,0.5938428044319153,0.2971877157688141,0.8426315789473684,0.8473684210526315,0.8494736842105263,0.8478947368421053,1900
