,kl,js,acc_real_real,acc_real_gen,acc_gen_real,acc_gen_gen,n_val
0,4.017845630645752,0.5784925818443298,0.8415789473684211,0.9136842105263158,0.8373684210526315,0.9273684210526316,1900
