,kl,js,acc_real_real,acc_real_gen,acc_gen_real,acc_gen_gen,n_val
0,4.404271602630615,0.7114802598953247,0.8415789473684211,0.8926315789473684,0.8247368421052632,0.9194736842105263,1900
