,kl,js,acc_real_real,acc_real_gen,acc_gen_real,acc_gen_gen,n_val
0,1.2816277742385864,0.43959492444992065,0.8389473684210527,0.8647368421052631,0.8421052631578947,0.8747368421052631,1900
