,kl,js,acc_real_real,acc_real_gen,acc_gen_real,acc_gen_gen,n_val
0,0.692164957523346,0.29421472549438477,0.838421052631579,0.8463157894736842,0.8431578947368421,0.8473684210526315,1900
