,kl,js,acc_real_real,acc_real_gen,acc_gen_real,acc_gen_gen,n_val
0,1.487748384475708,0.5088781118392944,0.848421052631579,0.8510526315789474,0.8431578947368421,0.85,1900
