,kl,js,acc_real_real,acc_real_gen,acc_gen_real,acc_gen_gen,n_val
0,1.3508096933364868,0.5078437924385071,0.8426315789473684,0.8636842105263158,0.8415789473684211,0.8810526315789474,1900
