,kl,js,acc_real_real,acc_real_gen,acc_gen_real,acc_gen_gen,n_val
0,0.6336637735366821,0.15381592512130737,0.8378947368421052,0.8357894736842105,0.8478947368421053,0.838421052631579,1900
