,kl,js,acc_real_real,acc_real_gen,acc_gen_real,acc_gen_gen,n_val
0,0.6734635829925537,0.34738096594810486,0.8405263157894737,0.8378947368421052,0.8415789473684211,0.8521052631578947,1900
