,kl,js,acc_real_real,acc_real_gen,acc_gen_real,acc_gen_gen,n_val
0,0.8461232781410217,0.31183382868766785,0.8410526315789474,0.8536842105263158,0.8431578947368421,0.8573684210526316,1900
