,kl,js,acc_real_real,acc_real_gen,acc_gen_real,acc_gen_gen,n_val
0,1.3814475536346436,0.49733033776283264,0.8431578947368421,0.8394736842105263,0.8473684210526315,0.8494736842105263,1900
