,kl,js,acc_real_real,acc_real_gen,acc_gen_real,acc_gen_gen,n_val
0,1.406624436378479,0.5025756359100342,0.8421052631578947,0.8473684210526315,0.8442105263157895,0.8521052631578947,1900
