,kl,js,acc_real_real,acc_real_gen,acc_gen_real,acc_gen_gen,n_val
0,1.9361590147018433,0.613686740398407,0.848421052631579,0.8573684210526316,0.8431578947368421,0.86,1900
