,kl,js,acc_real_real,acc_real_gen,acc_gen_real,acc_gen_gen,n_val
0,1.4272141456604004,0.5153945088386536,0.8368421052631579,0.861578947368421,0.8436842105263158,0.8768421052631579,1900
