,kl,js,acc_real_real,acc_real_gen,acc_gen_real,acc_gen_gen,n_val
0,0.6372244954109192,0.1913316547870636,0.8431578947368421,0.861578947368421,0.8368421052631579,0.8689473684210526,1900
