,kl,js,acc_real_real,acc_real_gen,acc_gen_real,acc_gen_gen,n_val
0,1.741079330444336,0.6055441498756409,0.8457894736842105,0.8515789473684211,0.8405263157894737,0.8557894736842105,1900
