,kl,js,acc_real_real,acc_real_gen,acc_gen_real,acc_gen_gen,n_val
0,5.214662551879883,0.7767295837402344,0.9194736842105263,0.8994736842105263,0.9173684210526316,0.901578947368421,1900
