,kl,js,acc_real_real,acc_real_gen,acc_gen_real,acc_gen_gen,n_val
0,1.1043118238449097,0.43770697712898254,0.9184210526315789,0.9205263157894736,0.9168421052631579,0.921578947368421,1900
