,kl,js,acc_real_real,acc_real_gen,acc_gen_real,acc_gen_gen,n_val
0,1.044324517250061,0.376239150762558,0.8910526315789473,0.891578947368421,0.8873684210526316,0.8989473684210526,1900
