,kl,js,acc_real_real,acc_real_gen,acc_gen_real,acc_gen_gen,n_val
0,0.36254140734672546,0.16864407062530518,0.9189473684210526,0.9026315789473685,0.9152631578947369,0.9084210526315789,1900
