,kl,js,acc_real_real,acc_real_gen,acc_gen_real,acc_gen_gen,n_val
0,0.5047353506088257,0.2373470664024353,0.8984210526315789,0.8957894736842106,0.8921052631578947,0.8994736842105263,1900
