,kl,js,acc_real_real,acc_real_gen,acc_gen_real,acc_gen_gen,n_val
0,0.9009010791778564,0.33009421825408936,0.9173684210526316,0.9326315789473684,0.9147368421052632,0.9373684210526316,1900
