,kl,js,acc_real_real,acc_real_gen,acc_gen_real,acc_gen_gen,n_val
0,0.5165438652038574,0.31107762455940247,0.8931578947368422,0.8978947368421053,0.8847368421052632,0.8994736842105263,1900
