,kl,js,acc_real_real,acc_real_gen,acc_gen_real,acc_gen_gen,n_val
0,0.6798888444900513,0.29208171367645264,0.9184210526315789,0.9226315789473685,0.9147368421052632,0.9263157894736842,1900
