,kl,js,acc_real_real,acc_real_gen,acc_gen_real,acc_gen_gen,n_val
0,1.0119105577468872,0.338849276304245,0.9168421052631579,0.9273684210526316,0.9163157894736842,0.93,1900
