,kl,js,acc_real_real,acc_real_gen,acc_gen_real,acc_gen_gen,n_val
0,0.7058353424072266,0.2522786259651184,0.8931578947368422,0.8936842105263157,0.8842105263157894,0.9010526315789473,1900
