,kl,js,acc_real_real,acc_real_gen,acc_gen_real,acc_gen_gen,n_val
0,1.167742371559143,0.366614431142807,0.8984210526315789,0.9184210526315789,0.8947368421052632,0.9221052631578948,1900
