,kl,js,acc_real_real,acc_real_gen,acc_gen_real,acc_gen_gen,n_val
0,4.568079471588135,0.8165369629859924,0.9194736842105263,0.9047368421052632,0.9184210526315789,0.9073684210526316,1900
