,kl,js,acc_real_real,acc_real_gen,acc_gen_real,acc_gen_gen,n_val
0,1.5296937227249146,0.4616030156612396,0.92,0.9031578947368422,0.9189473684210526,0.9063157894736842,1900
