,kl,js,acc_real_real,acc_real_gen,acc_gen_real,acc_gen_gen,n_val
0,0.44502341747283936,0.18191084265708923,0.8894736842105263,0.9152631578947369,0.8847368421052632,0.9221052631578948,1900
