,kl,js,acc_real_real,acc_real_gen,acc_gen_real,acc_gen_gen,n_val
0,1.8118071556091309,0.6613831520080566,0.9005263157894737,0.8926315789473684,0.8947368421052632,0.89,1900
