,kl,js,acc_real_real,acc_real_gen,acc_gen_real,acc_gen_gen,n_val
0,1.4075549840927124,0.4873158037662506,0.9,0.9073684210526316,0.8931578947368422,0.91,1900
