,kl,js,acc_real_real,acc_real_gen,acc_gen_real,acc_gen_gen,n_val
0,1.00288987159729,0.369355708360672,0.9210526315789473,0.9257894736842105,0.9147368421052632,0.9268421052631579,1900
