,kl,js,acc_real_real,acc_real_gen,acc_gen_real,acc_gen_gen,n_val
0,0.9578924775123596,0.3454156517982483,0.9178947368421052,0.9278947368421052,0.9163157894736842,0.93,1900
