,kl,js,acc_real_real,acc_real_gen,acc_gen_real,acc_gen_gen,n_val
0,0.5190937519073486,0.19001945853233337,0.9189473684210526,0.9,0.9184210526315789,0.9031578947368422,1900
