,kl,js,acc_real_real,acc_real_gen,acc_gen_real,acc_gen_gen,n_val
0,0.9472509622573853,0.3578357696533203,0.9205263157894736,0.921578947368421,0.9152631578947369,0.9252631578947368,1900
