,kl,js,acc_real_real,acc_real_gen,acc_gen_real,acc_gen_gen,n_val
0,1.6998094320297241,0.526066780090332,0.9005263157894737,0.8994736842105263,0.8942105263157895,0.9005263157894737,1900
