,kl,js,acc_real_real,acc_real_gen,acc_gen_real,acc_gen_gen,n_val
0,1.3378558158874512,0.46374982595443726,0.9010526315789473,0.881578947368421,0.8926315789473684,0.8894736842105263,1900
