,kl,js,acc_real_real,acc_real_gen,acc_gen_real,acc_gen_gen,n_val
0,1.0290462970733643,0.3640744984149933,0.92,0.9305263157894736,0.9157894736842105,0.9373684210526316,1900
