,kl,js,acc_real_real,acc_real_gen,acc_gen_real,acc_gen_gen,n_val
0,0.8953256011009216,0.35188522934913635,0.9178947368421052,0.9263157894736842,0.9157894736842105,0.93,1900
