,kl,js,acc_real_real,acc_real_gen,acc_gen_real,acc_gen_gen,n_val
0,1.1134384870529175,0.3319946229457855,0.8968421052631579,0.9210526315789473,0.891578947368421,0.9242105263157895,1900
