,kl,js,acc_real_real,acc_real_gen,acc_gen_real,acc_gen_gen,n_val
0,0.7324365973472595,0.2997053861618042,0.9152631578947369,0.9252631578947368,0.9147368421052632,0.9278947368421052,1900
