,kl,js,acc_real_real,acc_real_gen,acc_gen_real,acc_gen_gen,n_val
0,0.7841324806213379,0.22928893566131592,0.9252631578947368,0.9173684210526316,0.9242105263157895,0.9178947368421052,1900
