,kl,js,acc_real_real,acc_real_gen,acc_gen_real,acc_gen_gen,n_val
0,4.261366367340088,0.7093278765678406,0.9178947368421052,0.9036842105263158,0.9136842105263158,0.9063157894736842,1900
