,kl,js,acc_real_real,acc_real_gen,acc_gen_real,acc_gen_gen,n_val
0,0.9836618900299072,0.3441808521747589,0.9157894736842105,0.9263157894736842,0.9163157894736842,0.9294736842105263,1900
