,kl,js,acc_real_real,acc_real_gen,acc_gen_real,acc_gen_gen,n_val
0,1.1543680429458618,0.4093903601169586,0.9,0.8805263157894737,0.891578947368421,0.888421052631579,1900
