,kl,js,acc_real_real,acc_real_gen,acc_gen_real,acc_gen_gen,n_val
0,1.0712571144104004,0.40528765320777893,0.9010526315789473,0.8936842105263157,0.8942105263157895,0.8926315789473684,1900
