,kl,js,acc_real_real,acc_real_gen,acc_gen_real,acc_gen_gen,n_val
0,0.9516345858573914,0.45679908990859985,0.8984210526315789,0.9047368421052632,0.8947368421052632,0.9068421052631579,1900
