,kl,js,acc_real_real,acc_real_gen,acc_gen_real,acc_gen_gen,n_val
0,3.367311954498291,0.49915945529937744,0.9189473684210526,0.9231578947368421,0.9157894736842105,0.9221052631578948,1900
