,kl,js,acc_real_real,acc_real_gen,acc_gen_real,acc_gen_gen,n_val
0,0.46535828709602356,0.1818128526210785,0.8921052631578947,0.9136842105263158,0.8852631578947369,0.9189473684210526,1900
