,kl,js,acc_real_real,acc_real_gen,acc_gen_real,acc_gen_gen,n_val
0,0.49679628014564514,0.1744791865348816,0.8936842105263157,0.9131578947368421,0.8873684210526316,0.9205263157894736,1900
