,kl,js,acc_real_real,acc_real_gen,acc_gen_real,acc_gen_gen,n_val
0,5.059783458709717,0.8183767199516296,0.9178947368421052,0.888421052631579,0.9194736842105263,0.888421052631579,1900
