,kl,js,acc_real_real,acc_real_gen,acc_gen_real,acc_gen_gen,n_val
0,1.4626020193099976,0.485429048538208,0.9010526315789473,0.9073684210526316,0.8931578947368422,0.9094736842105263,1900
