,kl,js,acc_real_real,acc_real_gen,acc_gen_real,acc_gen_gen,n_val
0,6.9031291007995605,0.8007153272628784,0.9205263157894736,0.9052631578947369,0.9189473684210526,0.9094736842105263,1900
