,kl,js,acc_real_real,acc_real_gen,acc_gen_real,acc_gen_gen,n_val
0,1.322285771369934,0.4555055797100067,0.9189473684210526,0.8978947368421053,0.9184210526315789,0.9021052631578947,1900
