,kl,js,acc_real_real,acc_real_gen,acc_gen_real,acc_gen_gen,n_val
0,0.9209576845169067,0.3460976779460907,0.9184210526315789,0.9263157894736842,0.9147368421052632,0.9305263157894736,1900
