,kl,js,acc_real_real,acc_real_gen,acc_gen_real,acc_gen_gen,n_val
0,1.1964055299758911,0.4309704601764679,0.9142105263157895,0.9194736842105263,0.9173684210526316,0.921578947368421,1900
