,kl,js,acc_real_real,acc_real_gen,acc_gen_real,acc_gen_gen,n_val
0,1.3417036533355713,0.47344115376472473,0.9163157894736842,0.9221052631578948,0.9189473684210526,0.9242105263157895,1900
