,kl,js,acc_real_real,acc_real_gen,acc_gen_real,acc_gen_gen,n_val
0,1.136017918586731,0.4574356973171234,0.9173684210526316,0.9226315789473685,0.9157894736842105,0.9242105263157895,1900
