,kl,js,acc_real_real,acc_real_gen,acc_gen_real,acc_gen_gen,n_val
0,1.0156917572021484,0.4119732081890106,0.9136842105263158,0.92,0.9157894736842105,0.9257894736842105,1900
