,kl,js,acc_real_real,acc_real_gen,acc_gen_real,acc_gen_gen,n_val
0,6.743366718292236,0.8192581534385681,0.9189473684210526,0.9057894736842105,0.9194736842105263,0.9078947368421053,1900
