,kl,js,acc_real_real,acc_real_gen,acc_gen_real,acc_gen_gen,n_val
0,1.1757442951202393,0.4766644537448883,0.9152631578947369,0.9257894736842105,0.9168421052631579,0.9263157894736842,1900
