,kl,js,acc_real_real,acc_real_gen,acc_gen_real,acc_gen_gen,n_val
0,1.2097314596176147,0.4440816044807434,0.8994736842105263,0.8921052631578947,0.8947368421052632,0.8947368421052632,1900
