,kl,js,acc_real_real,acc_real_gen,acc_gen_real,acc_gen_gen,n_val
0,0.36014610528945923,0.45692166686058044,0.9005263157894737,0.9052631578947369,0.8942105263157895,0.9057894736842105,1900
