,kl,js,acc_real_real,acc_real_gen,acc_gen_real,acc_gen_gen,n_val
0,4.568648815155029,0.7167439460754395,0.9184210526315789,0.9026315789473685,0.9121052631578948,0.9068421052631579,1900
