,kl,js,acc_real_real,acc_real_gen,acc_gen_real,acc_gen_gen,n_val
0,1.109066128730774,0.3672980070114136,0.9168421052631579,0.921578947368421,0.9168421052631579,0.9247368421052632,1900
