,kl,js,acc_real_real,acc_real_gen,acc_gen_real,acc_gen_gen,n_val
0,4.972870349884033,0.8419885635375977,0.9194736842105263,0.8868421052631579,0.9189473684210526,0.888421052631579,1900
