,kl,js,acc_real_real,acc_real_gen,acc_gen_real,acc_gen_gen,n_val
0,1.0585594177246094,0.36518776416778564,0.8889473684210526,0.8905263157894737,0.8847368421052632,0.8984210526315789,1900
