,kl,js,acc_real_real,acc_real_gen,acc_gen_real,acc_gen_gen,n_val
0,1.6559556722640991,0.5218386650085449,0.9,0.9005263157894737,0.8936842105263157,0.9010526315789473,1900
