,kl,js,acc_real_real,acc_real_gen,acc_gen_real,acc_gen_gen,n_val
0,3.3168249130249023,0.5951890349388123,0.9189473684210526,0.9278947368421052,0.9131578947368421,0.93,1900
