,kl,js,acc_real_real,acc_real_gen,acc_gen_real,acc_gen_gen,n_val
0,0.9964077472686768,0.4768306314945221,0.9168421052631579,0.9231578947368421,0.9168421052631579,0.9205263157894736,1900
