,kl,js,acc_real_real,acc_real_gen,acc_gen_real,acc_gen_gen,n_val
0,1.3429830074310303,0.4693668484687805,0.9226315789473685,0.9242105263157895,0.9194736842105263,0.921578947368421,1900
