,kl,js,acc_real_real,acc_real_gen,acc_gen_real,acc_gen_gen,n_val
0,7.829583168029785,0.8040608763694763,0.9194736842105263,0.9068421052631579,0.9178947368421052,0.91,1900
