,kl,js,acc_real_real,acc_real_gen,acc_gen_real,acc_gen_gen,n_val
0,7.413114547729492,0.8101609945297241,0.9263157894736842,0.9342105263157895,0.9052631578947369,0.9384210526315789,1900
