,kl,js,acc_real_real,acc_real_gen,acc_gen_real,acc_gen_gen,n_val
0,1.2444138526916504,0.46104493737220764,0.9,0.881578947368421,0.8926315789473684,0.89,1900
