,kl,js,acc_real_real,acc_real_gen,acc_gen_real,acc_gen_gen,n_val
0,5.1908793449401855,0.7893101572990417,0.9173684210526316,0.8978947368421053,0.9168421052631579,0.901578947368421,1900
