,kl,js,acc_real_real,acc_real_gen,acc_gen_real,acc_gen_gen,n_val
0,7.2197089195251465,0.8049543499946594,0.9242105263157895,0.9336842105263158,0.9063157894736842,0.94,1900
