,kl,js,acc_real_real,acc_real_gen,acc_gen_real,acc_gen_gen,n_val
0,0.47676196694374084,0.1666903793811798,0.9178947368421052,0.8957894736842106,0.9173684210526316,0.8984210526315789,1900
