,kl,js,acc_real_real,acc_real_gen,acc_gen_real,acc_gen_gen,n_val
0,1.374607801437378,0.4536498188972473,0.92,0.8963157894736842,0.9205263157894736,0.9036842105263158,1900
