,kl,js,acc_real_real,acc_real_gen,acc_gen_real,acc_gen_gen,n_val
0,0.6903372406959534,0.3126266300678253,0.9163157894736842,0.9321052631578948,0.9152631578947369,0.9373684210526316,1900
