,kl,js,acc_real_real,acc_real_gen,acc_gen_real,acc_gen_gen,n_val
0,0.9506821632385254,0.340495228767395,0.9184210526315789,0.9263157894736842,0.9168421052631579,0.9268421052631579,1900
