,kl,js,acc_real_real,acc_real_gen,acc_gen_real,acc_gen_gen,n_val
0,3.295030355453491,0.5196407437324524,0.9242105263157895,0.9526315789473684,0.9189473684210526,0.9547368421052631,1900
