,kl,js,acc_real_real,acc_real_gen,acc_gen_real,acc_gen_gen,n_val
0,0.920808732509613,0.4239077866077423,0.9184210526315789,0.9184210526315789,0.9163157894736842,0.9247368421052632,1900
