,kl,js,acc_real_real,acc_real_gen,acc_gen_real,acc_gen_gen,n_val
0,0.8411852121353149,0.35535889863967896,0.9173684210526316,0.9226315789473685,0.9157894736842105,0.9252631578947368,1900
