,kl,js,acc_real_real,acc_real_gen,acc_gen_real,acc_gen_gen,n_val
0,1.757106900215149,0.6068646311759949,0.8994736842105263,0.888421052631579,0.8910526315789473,0.8947368421052632,1900
