,kl,js,acc_real_real,acc_real_gen,acc_gen_real,acc_gen_gen,n_val
0,1.365177035331726,0.46215343475341797,0.9242105263157895,0.901578947368421,0.9184210526315789,0.9073684210526316,1900
