,kl,js,acc_real_real,acc_real_gen,acc_gen_real,acc_gen_gen,n_val
0,1.2060720920562744,0.4679735004901886,0.9163157894736842,0.9326315789473684,0.9142105263157895,0.9315789473684211,1900
