,kl,js,acc_real_real,acc_real_gen,acc_gen_real,acc_gen_gen,n_val
0,0.9263346195220947,0.354305624961853,0.9173684210526316,0.9278947368421052,0.9178947368421052,0.9310526315789474,1900
