,kl,js,acc_real_real,acc_real_gen,acc_gen_real,acc_gen_gen,n_val
0,0.6628056168556213,0.21134015917778015,0.9131578947368421,0.9268421052631579,0.9157894736842105,0.9315789473684211,1900
