,kl,js,acc_real_real,acc_real_gen,acc_gen_real,acc_gen_gen,n_val
0,0.3480879068374634,0.34049201011657715,0.9005263157894737,0.8952631578947369,0.8942105263157895,0.9,1900
