,kl,js,acc_real_real,acc_real_gen,acc_gen_real,acc_gen_gen,n_val
0,1.6960740089416504,0.5099791288375854,0.8994736842105263,0.9005263157894737,0.8942105263157895,0.901578947368421,1900
