,kl,js,acc_real_real,acc_real_gen,acc_gen_real,acc_gen_gen,n_val
0,1.406598687171936,0.46983569860458374,0.9194736842105263,0.9042105263157895,0.9194736842105263,0.9068421052631579,1900
