,kl,js,acc_real_real,acc_real_gen,acc_gen_real,acc_gen_gen,n_val
0,1.149304747581482,0.4576397240161896,0.8989473684210526,0.8926315789473684,0.8942105263157895,0.8968421052631579,1900
