,kl,js,acc_real_real,acc_real_gen,acc_gen_real,acc_gen_gen,n_val
0,1.3145076036453247,0.5332849025726318,0.8989473684210526,0.8936842105263157,0.8926315789473684,0.8910526315789473,1900
