,kl,js,acc_real_real,acc_real_gen,acc_gen_real,acc_gen_gen,n_val
0,2.1234772205352783,0.626679003238678,0.9010526315789473,0.8926315789473684,0.8942105263157895,0.8963157894736842,1900
