,kl,js,acc_real_real,acc_real_gen,acc_gen_real,acc_gen_gen,n_val
0,1.2833361625671387,0.3789665997028351,0.901578947368421,0.92,0.8942105263157895,0.9226315789473685,1900
