,kl,js,acc_real_real,acc_real_gen,acc_gen_real,acc_gen_gen,n_val
0,2.2984960079193115,0.6395589709281921,0.8989473684210526,0.89,0.8931578947368422,0.8968421052631579,1900
