,kl,js,acc_real_real,acc_real_gen,acc_gen_real,acc_gen_gen,n_val
0,0.3720304071903229,0.17500415444374084,0.921578947368421,0.9021052631578947,0.9163157894736842,0.9084210526315789,1900
