,kl,js,acc_real_real,acc_real_gen,acc_gen_real,acc_gen_gen,n_val
0,0.33211612701416016,0.31905046105384827,0.8921052631578947,0.8973684210526316,0.8842105263157894,0.9031578947368422,1900
