,kl,js,acc_real_real,acc_real_gen,acc_gen_real,acc_gen_gen,n_val
0,3.3758974075317383,0.5172310471534729,0.9268421052631579,0.9542105263157895,0.9194736842105263,0.9547368421052631,1900
