,kl,js,acc_real_real,acc_real_gen,acc_gen_real,acc_gen_gen,n_val
0,0.792872965335846,0.32514718174934387,0.9168421052631579,0.921578947368421,0.9152631578947369,0.9257894736842105,1900
