,kl,js,acc_real_real,acc_real_gen,acc_gen_real,acc_gen_gen,n_val
0,6.404580116271973,0.8079978823661804,0.9210526315789473,0.9063157894736842,0.9184210526315789,0.9084210526315789,1900
