,kl,js,acc_real_real,acc_real_gen,acc_gen_real,acc_gen_gen,n_val
0,1.7667348384857178,0.5707622766494751,0.8994736842105263,0.8931578947368422,0.8942105263157895,0.891578947368421,1900
