,kl,js,acc_real_real,acc_real_gen,acc_gen_real,acc_gen_gen,n_val
0,0.4212084710597992,0.1473085880279541,0.9184210526315789,0.9010526315789473,0.9184210526315789,0.9063157894736842,1900
