,kl,js,acc_real_real,acc_real_gen,acc_gen_real,acc_gen_gen,n_val
0,0.6883515119552612,0.2399010956287384,0.9252631578947368,0.9157894736842105,0.921578947368421,0.9168421052631579,1900
