,kl,js,acc_real_real,acc_real_gen,acc_gen_real,acc_gen_gen,n_val
0,1.3292070627212524,0.49786376953125,0.8994736842105263,0.8921052631578947,0.8926315789473684,0.8905263157894737,1900
