,kl,js,acc_real_real,acc_real_gen,acc_gen_real,acc_gen_gen,n_val
0,0.7088807821273804,0.2608972191810608,0.9247368421052632,0.9152631578947369,0.9231578947368421,0.9205263157894736,1900
