,kl,js,acc_real_real,acc_real_gen,acc_gen_real,acc_gen_gen,n_val
0,1.1301485300064087,0.4527641534805298,0.9189473684210526,0.921578947368421,0.9163157894736842,0.9210526315789473,1900
