,kl,js,acc_real_real,acc_real_gen,acc_gen_real,acc_gen_gen,n_val
0,5.086610794067383,0.812158465385437,0.9210526315789473,0.8857894736842106,0.9189473684210526,0.8878947368421053,1900
