,kl,js,acc_real_real,acc_real_gen,acc_gen_real,acc_gen_gen,n_val
0,1.3128714561462402,0.4849880337715149,0.921578947368421,0.9236842105263158,0.9194736842105263,0.9221052631578948,1900
