,kl,js,acc_real_real,acc_real_gen,acc_gen_real,acc_gen_gen,n_val
0,2.2840304374694824,0.6068872213363647,0.901578947368421,0.8942105263157895,0.8942105263157895,0.8973684210526316,1900
