,kl,js,acc_real_real,acc_real_gen,acc_gen_real,acc_gen_gen,n_val
0,0.5613492727279663,0.16098707914352417,0.9205263157894736,0.9010526315789473,0.9173684210526316,0.9078947368421053,1900
