,kl,js,acc_real_real,acc_real_gen,acc_gen_real,acc_gen_gen,n_val
0,0.7665349841117859,0.231954425573349,0.9173684210526316,0.93,0.9168421052631579,0.9315789473684211,1900
