,kl,js,acc_real_real,acc_real_gen,acc_gen_real,acc_gen_gen,n_val
0,7.451972484588623,0.8051767349243164,0.9184210526315789,0.9052631578947369,0.9178947368421052,0.9084210526315789,1900
