,kl,js,acc_real_real,acc_real_gen,acc_gen_real,acc_gen_gen,n_val
0,1.8186421394348145,0.5702245235443115,0.8994736842105263,0.8863157894736842,0.891578947368421,0.8947368421052632,1900
