,kl,js,acc_real_real,acc_real_gen,acc_gen_real,acc_gen_gen,n_val
0,1.742307424545288,0.5365438461303711,0.8978947368421053,0.8894736842105263,0.8921052631578947,0.8936842105263157,1900
