,kl,js,acc_real_real,acc_real_gen,acc_gen_real,acc_gen_gen,n_val
0,0.21245631575584412,0.39798933267593384,0.9131578947368421,0.9284210526315789,0.9163157894736842,0.9331578947368421,1900
