,kl,js,acc_real_real,acc_real_gen,acc_gen_real,acc_gen_gen,n_val
0,3.0404343605041504,0.541585385799408,0.9263157894736842,0.9547368421052631,0.9189473684210526,0.9542105263157895,1900
