,kl,js,acc_real_real,acc_real_gen,acc_gen_real,acc_gen_gen,n_val
0,1.124938726425171,0.43988344073295593,0.8952631578947369,0.8921052631578947,0.8942105263157895,0.8957894736842106,1900
