,kl,js,acc_real_real,acc_real_gen,acc_gen_real,acc_gen_gen,n_val
0,0.9814149737358093,0.3575800657272339,0.9157894736842105,0.9284210526315789,0.9168421052631579,0.9284210526315789,1900
