,kl,js,acc_real_real,acc_real_gen,acc_gen_real,acc_gen_gen,n_val
0,1.833552598953247,0.6494150161743164,0.8989473684210526,0.8931578947368422,0.8968421052631579,0.89,1900
