,kl,js,acc_real_real,acc_real_gen,acc_gen_real,acc_gen_gen,n_val
0,0.4239821434020996,0.27899107336997986,0.9005263157894737,0.8984210526315789,0.8889473684210526,0.8973684210526316,1900
