,kl,js,acc_real_real,acc_real_gen,acc_gen_real,acc_gen_gen,n_val
0,0.9938075542449951,0.343176007270813,0.9157894736842105,0.93,0.9163157894736842,0.9289473684210526,1900
