,kl,js,acc_real_real,acc_real_gen,acc_gen_real,acc_gen_gen,n_val
0,1.4706783294677734,0.507633626461029,0.901578947368421,0.9068421052631579,0.8947368421052632,0.9089473684210526,1900
