,kl,js,acc_real_real,acc_real_gen,acc_gen_real,acc_gen_gen,n_val
0,3.4129507541656494,0.5676878690719604,0.9184210526315789,0.9231578947368421,0.9157894736842105,0.9231578947368421,1900
