,kl,js,acc_real_real,acc_real_gen,acc_gen_real,acc_gen_gen,n_val
0,1.2243791818618774,0.5085437297821045,0.9168421052631579,0.9305263157894736,0.9136842105263158,0.9315789473684211,1900
