,kl,js,acc_real_real,acc_real_gen,acc_gen_real,acc_gen_gen,n_val
0,2.9520490169525146,0.5785765647888184,0.9178947368421052,0.9247368421052632,0.9142105263157895,0.9305263157894736,1900
