,kl,js,acc_real_real,acc_real_gen,acc_gen_real,acc_gen_gen,n_val
0,0.5886367559432983,0.4085351526737213,0.9,0.9057894736842105,0.8947368421052632,0.9063157894736842,1900
