,kl,js,acc_real_real,acc_real_gen,acc_gen_real,acc_gen_gen,n_val
0,4.495079517364502,0.7434885501861572,0.9168421052631579,0.9005263157894737,0.9173684210526316,0.901578947368421,1900
