,kl,js,acc_real_real,acc_real_gen,acc_gen_real,acc_gen_gen,n_val
0,0.48409461975097656,0.15596836805343628,0.9189473684210526,0.9026315789473685,0.9178947368421052,0.9031578947368422,1900
