,kl,js,acc_real_real,acc_real_gen,acc_gen_real,acc_gen_gen,n_val
0,7.512905597686768,0.8057436943054199,0.9252631578947368,0.9336842105263158,0.9063157894736842,0.9378947368421052,1900
