,kl,js,acc_real_real,acc_real_gen,acc_gen_real,acc_gen_gen,n_val
0,0.7937610149383545,0.4818795323371887,0.9152631578947369,0.9236842105263158,0.9168421052631579,0.9210526315789473,1900
