,kl,js,acc_real_real,acc_real_gen,acc_gen_real,acc_gen_gen,n_val
0,1.0597517490386963,0.440228134393692,0.9163157894736842,0.9205263157894736,0.9163157894736842,0.9247368421052632,1900
