,kl,js,acc_real_real,acc_real_gen,acc_gen_real,acc_gen_gen,n_val
0,1.2990484237670898,0.4408694803714752,0.9205263157894736,0.8957894736842106,0.9210526315789473,0.9042105263157895,1900
