,kl,js,acc_real_real,acc_real_gen,acc_gen_real,acc_gen_gen,n_val
0,0.8920161724090576,0.3765862286090851,0.9173684210526316,0.9205263157894736,0.9163157894736842,0.9194736842105263,1900
