,kl,js,acc_real_real,acc_real_gen,acc_gen_real,acc_gen_gen,n_val
0,1.2202390432357788,0.45113223791122437,0.9184210526315789,0.9326315789473684,0.9152631578947369,0.9315789473684211,1900
