,kl,js,acc_real_real,acc_real_gen,acc_gen_real,acc_gen_gen,n_val
0,0.7293850779533386,0.17630267143249512,0.92,0.8973684210526316,0.9189473684210526,0.9,1900
