,kl,js,acc_real_real,acc_real_gen,acc_gen_real,acc_gen_gen,n_val
0,4.470943450927734,0.7130570411682129,0.9163157894736842,0.9036842105263158,0.9131578947368421,0.9068421052631579,1900
