,kl,js,acc_real_real,acc_real_gen,acc_gen_real,acc_gen_gen,n_val
0,0.4541435241699219,0.16708919405937195,0.9189473684210526,0.8968421052631579,0.9163157894736842,0.9,1900
