,kl,js,acc_real_real,acc_real_gen,acc_gen_real,acc_gen_gen,n_val
0,3.397761821746826,0.5656288862228394,0.921578947368421,0.9231578947368421,0.9152631578947369,0.9210526315789473,1900
