,kl,js,acc_real_real,acc_real_gen,acc_gen_real,acc_gen_gen,n_val
0,1.1898062229156494,0.3720056414604187,0.89,0.8952631578947369,0.8863157894736842,0.8978947368421053,1900
