,kl,js,acc_real_real,acc_real_gen,acc_gen_real,acc_gen_gen,n_val
0,3.0820767879486084,0.5854532122612,0.9194736842105263,0.9263157894736842,0.9157894736842105,0.9289473684210526,1900
