,kl,js,acc_real_real,acc_real_gen,acc_gen_real,acc_gen_gen,n_val
0,1.0536965131759644,0.3815233111381531,0.9121052631578948,0.9210526315789473,0.9094736842105263,0.9242105263157895,1900
