,kl,js,acc_real_real,acc_real_gen,acc_gen_real,acc_gen_gen,n_val
0,0.7057772874832153,0.3026263117790222,0.9105263157894737,0.9078947368421053,0.9105263157894737,0.9084210526315789,1900
