,kl,js,acc_real_real,acc_real_gen,acc_gen_real,acc_gen_gen,n_val
0,1.8880466222763062,0.6159968972206116,0.8042105263157895,0.7147368421052631,0.8031578947368421,0.7315789473684211,1900
