,kl,js,acc_real_real,acc_real_gen,acc_gen_real,acc_gen_gen,n_val
0,4.131777763366699,0.713952898979187,0.8489473684210527,0.9105263157894737,0.8263157894736842,0.9342105263157895,1900
