,kl,js,acc_real_real,acc_real_gen,acc_gen_real,acc_gen_gen,n_val
0,1.3500804901123047,0.4557005763053894,0.8068421052631579,0.7736842105263158,0.8042105263157895,0.7647368421052632,1900
