,kl,js,acc_real_real,acc_real_gen,acc_gen_real,acc_gen_gen,n_val
0,6.579322814941406,0.8576611876487732,0.8442105263157895,0.9052631578947369,0.8247368421052632,0.9221052631578948,1900
