,kl,js,acc_real_real,acc_real_gen,acc_gen_real,acc_gen_gen,n_val
0,1.146721601486206,0.4430333375930786,0.8084210526315789,0.7631578947368421,0.8015789473684211,0.7663157894736842,1900
