,kl,js,acc_real_real,acc_real_gen,acc_gen_real,acc_gen_gen,n_val
0,1.1939090490341187,0.4773479700088501,0.9110526315789473,0.8942105263157895,0.9089473684210526,0.8978947368421053,1900
