,kl,js,acc_real_real,acc_real_gen,acc_gen_real,acc_gen_gen,n_val
0,1.3223638534545898,0.46572062373161316,0.8468421052631578,0.8826315789473684,0.8394736842105263,0.881578947368421,1900
