,kl,js,acc_real_real,acc_real_gen,acc_gen_real,acc_gen_gen,n_val
0,0.832147479057312,0.3195952773094177,0.911578947368421,0.9078947368421053,0.9089473684210526,0.9089473684210526,1900
