,kl,js,acc_real_real,acc_real_gen,acc_gen_real,acc_gen_gen,n_val
0,1.2323180437088013,0.43946266174316406,0.911578947368421,0.8989473684210526,0.9105263157894737,0.8984210526315789,1900
