,kl,js,acc_real_real,acc_real_gen,acc_gen_real,acc_gen_gen,n_val
0,1.5546281337738037,0.5552684664726257,0.8068421052631579,0.7531578947368421,0.8005263157894736,0.7842105263157895,1900
