,kl,js,acc_real_real,acc_real_gen,acc_gen_real,acc_gen_gen,n_val
0,1.1917351484298706,0.47861596941947937,0.911578947368421,0.901578947368421,0.911578947368421,0.9021052631578947,1900
