,kl,js,acc_real_real,acc_real_gen,acc_gen_real,acc_gen_gen,n_val
0,5.3593010902404785,0.7999262809753418,0.8410526315789474,0.8763157894736842,0.8184210526315789,0.9263157894736842,1900
