,kl,js,acc_real_real,acc_real_gen,acc_gen_real,acc_gen_gen,n_val
0,0.8690379858016968,0.34280261397361755,0.9,0.8410526315789474,0.8968421052631579,0.8347368421052631,1900
