,kl,js,acc_real_real,acc_real_gen,acc_gen_real,acc_gen_gen,n_val
0,1.595845341682434,0.5092010498046875,0.8094736842105263,0.9084210526315789,0.8021052631578948,0.9142105263157895,1900
