,kl,js,acc_real_real,acc_real_gen,acc_gen_real,acc_gen_gen,n_val
0,1.237021803855896,0.47584426403045654,0.8452631578947368,0.8836842105263157,0.84,0.8794736842105263,1900
