,kl,js,acc_real_real,acc_real_gen,acc_gen_real,acc_gen_gen,n_val
0,1.3045318126678467,0.36740413308143616,0.8126315789473684,0.8731578947368421,0.7968421052631579,0.8831578947368421,1900
