,kl,js,acc_real_real,acc_real_gen,acc_gen_real,acc_gen_gen,n_val
0,2.128134250640869,0.6206297278404236,0.8042105263157895,0.7736842105263158,0.8057894736842105,0.7868421052631579,1900
