,kl,js,acc_real_real,acc_real_gen,acc_gen_real,acc_gen_gen,n_val
0,4.235467910766602,0.7007182240486145,0.8489473684210527,0.9042105263157895,0.8042105263157895,0.9389473684210526,1900
