,kl,js,acc_real_real,acc_real_gen,acc_gen_real,acc_gen_gen,n_val
0,1.9891889095306396,0.627672016620636,0.8089473684210526,0.7752631578947369,0.8073684210526316,0.791578947368421,1900
