,kl,js,acc_real_real,acc_real_gen,acc_gen_real,acc_gen_gen,n_val
0,1.948352575302124,0.628716230392456,0.8052631578947368,0.8778947368421053,0.7805263157894737,0.8810526315789474,1900
