,kl,js,acc_real_real,acc_real_gen,acc_gen_real,acc_gen_gen,n_val
0,1.4870760440826416,0.5504907965660095,0.8015789473684211,0.7784210526315789,0.8010526315789473,0.7878947368421053,1900
