,kl,js,acc_real_real,acc_real_gen,acc_gen_real,acc_gen_gen,n_val
0,0.9976577162742615,0.3725511133670807,0.9131578947368421,0.9,0.91,0.9042105263157895,1900
