,kl,js,acc_real_real,acc_real_gen,acc_gen_real,acc_gen_gen,n_val
0,1.6472684144973755,0.5284885168075562,0.8042105263157895,0.9078947368421053,0.7978947368421052,0.9126315789473685,1900
