,kl,js,acc_real_real,acc_real_gen,acc_gen_real,acc_gen_gen,n_val
0,0.8112878799438477,0.2609351873397827,0.8573684210526316,0.8357894736842105,0.8542105263157894,0.8436842105263158,1900
