,kl,js,acc_real_real,acc_real_gen,acc_gen_real,acc_gen_gen,n_val
0,1.5273338556289673,0.5009598731994629,0.8468421052631578,0.8994736842105263,0.8410526315789474,0.9,1900
