,kl,js,acc_real_real,acc_real_gen,acc_gen_real,acc_gen_gen,n_val
0,1.2974402904510498,0.4673011004924774,0.8447368421052631,0.8489473684210527,0.84,0.8521052631578947,1900
