,kl,js,acc_real_real,acc_real_gen,acc_gen_real,acc_gen_gen,n_val
0,0.9207569360733032,0.3409576117992401,0.9121052631578948,0.901578947368421,0.9105263157894737,0.9021052631578947,1900
