,kl,js,acc_real_real,acc_real_gen,acc_gen_real,acc_gen_gen,n_val
0,4.6824188232421875,0.7107850313186646,0.8457894736842105,0.9252631578947368,0.8231578947368421,0.9336842105263158,1900
