,kl,js,acc_real_real,acc_real_gen,acc_gen_real,acc_gen_gen,n_val
0,0.9241234660148621,0.32342204451560974,0.9121052631578948,0.91,0.9089473684210526,0.9105263157894737,1900
