,kl,js,acc_real_real,acc_real_gen,acc_gen_real,acc_gen_gen,n_val
0,6.965852737426758,0.8265217542648315,0.8984210526315789,0.9657894736842105,0.8889473684210526,0.9847368421052631,1900
