,kl,js,acc_real_real,acc_real_gen,acc_gen_real,acc_gen_gen,n_val
0,1.1343867778778076,0.4029839336872101,0.911578947368421,0.9057894736842105,0.9094736842105263,0.9063157894736842,1900
