,kl,js,acc_real_real,acc_real_gen,acc_gen_real,acc_gen_gen,n_val
0,1.295329213142395,0.3681724965572357,0.8105263157894737,0.8747368421052631,0.8073684210526316,0.8794736842105263,1900
