,kl,js,acc_real_real,acc_real_gen,acc_gen_real,acc_gen_gen,n_val
0,0.9764449000358582,0.34362971782684326,0.9147368421052632,0.9005263157894737,0.9105263157894737,0.9031578947368422,1900
