,kl,js,acc_real_real,acc_real_gen,acc_gen_real,acc_gen_gen,n_val
0,0.49032554030418396,0.16999703645706177,0.8589473684210527,0.8478947368421053,0.8594736842105263,0.8489473684210527,1900
