,kl,js,acc_real_real,acc_real_gen,acc_gen_real,acc_gen_gen,n_val
0,4.327384948730469,0.7011551856994629,0.8426315789473684,0.91,0.8326315789473684,0.9378947368421052,1900
