,kl,js,acc_real_real,acc_real_gen,acc_gen_real,acc_gen_gen,n_val
0,0.9315436482429504,0.3401847779750824,0.9105263157894737,0.9010526315789473,0.9110526315789473,0.9042105263157895,1900
