,kl,js,acc_real_real,acc_real_gen,acc_gen_real,acc_gen_gen,n_val
0,6.8397016525268555,0.8065749406814575,0.8447368421052631,0.8747368421052631,0.8221052631578948,0.911578947368421,1900
