,kl,js,acc_real_real,acc_real_gen,acc_gen_real,acc_gen_gen,n_val
0,0.8038681745529175,0.3631676137447357,0.8057894736842105,0.7531578947368421,0.8052631578947368,0.7621052631578947,1900
