,kl,js,acc_real_real,acc_real_gen,acc_gen_real,acc_gen_gen,n_val
0,1.1775020360946655,0.48218482732772827,0.9105263157894737,0.9036842105263158,0.9094736842105263,0.9021052631578947,1900
