,kl,js,acc_real_real,acc_real_gen,acc_gen_real,acc_gen_gen,n_val
0,0.9610596299171448,0.40829750895500183,0.7984210526315789,0.7652631578947369,0.7847368421052632,0.7736842105263158,1900
