,kl,js,acc_real_real,acc_real_gen,acc_gen_real,acc_gen_gen,n_val
0,0.7730691432952881,0.26699525117874146,0.8547368421052631,0.8415789473684211,0.8563157894736843,0.8452631578947368,1900
