,kl,js,acc_real_real,acc_real_gen,acc_gen_real,acc_gen_gen,n_val
0,1.5146657228469849,0.4874560236930847,0.8447368421052631,0.9,0.8431578947368421,0.9021052631578947,1900
