,kl,js,acc_real_real,acc_real_gen,acc_gen_real,acc_gen_gen,n_val
0,8.689205169677734,0.8569749593734741,0.8473684210526315,0.9094736842105263,0.8263157894736842,0.9205263157894736,1900
