,kl,js,acc_real_real,acc_real_gen,acc_gen_real,acc_gen_gen,n_val
0,2.0495712757110596,0.623212456703186,0.8057894736842105,0.7768421052631579,0.8089473684210526,0.7905263157894736,1900
