,kl,js,acc_real_real,acc_real_gen,acc_gen_real,acc_gen_gen,n_val
0,0.3828500807285309,0.2108825147151947,0.7957894736842105,0.7663157894736842,0.7910526315789473,0.791578947368421,1900
