,kl,js,acc_real_real,acc_real_gen,acc_gen_real,acc_gen_gen,n_val
0,0.9722265005111694,0.3618447482585907,0.911578947368421,0.9210526315789473,0.91,0.9242105263157895,1900
