,kl,js,acc_real_real,acc_real_gen,acc_gen_real,acc_gen_gen,n_val
0,0.8498804569244385,0.3414114713668823,0.9121052631578948,0.8910526315789473,0.911578947368421,0.8942105263157895,1900
