,kl,js,acc_real_real,acc_real_gen,acc_gen_real,acc_gen_gen,n_val
0,0.7914890646934509,0.32298213243484497,0.9126315789473685,0.9089473684210526,0.9094736842105263,0.9084210526315789,1900
