,kl,js,acc_real_real,acc_real_gen,acc_gen_real,acc_gen_gen,n_val
0,0.25255295634269714,0.11054900288581848,0.8057894736842105,0.7694736842105263,0.8078947368421052,0.7757894736842105,1900
