,kl,js,acc_real_real,acc_real_gen,acc_gen_real,acc_gen_gen,n_val
0,0.4620974361896515,0.16899564862251282,0.8557894736842105,0.8457894736842105,0.8578947368421053,0.8457894736842105,1900
