,kl,js,acc_real_real,acc_real_gen,acc_gen_real,acc_gen_gen,n_val
0,1.0834312438964844,0.4064019024372101,0.8121052631578948,0.7631578947368421,0.8094736842105263,0.7721052631578947,1900
