,kl,js,acc_real_real,acc_real_gen,acc_gen_real,acc_gen_gen,n_val
0,0.30310678482055664,0.10851824283599854,0.8084210526315789,0.7705263157894737,0.8057894736842105,0.7768421052631579,1900
