,kl,js,acc_real_real,acc_real_gen,acc_gen_real,acc_gen_gen,n_val
0,0.8815682530403137,0.3887017071247101,0.9126315789473685,0.9068421052631579,0.9105263157894737,0.9073684210526316,1900
