,kl,js,acc_real_real,acc_real_gen,acc_gen_real,acc_gen_gen,n_val
0,2.023911714553833,0.613643229007721,0.8047368421052632,0.7757894736842105,0.7989473684210526,0.7884210526315789,1900
