,kl,js,acc_real_real,acc_real_gen,acc_gen_real,acc_gen_gen,n_val
0,0.8969708681106567,0.35640040040016174,0.911578947368421,0.9094736842105263,0.9094736842105263,0.9094736842105263,1900
