,kl,js,acc_real_real,acc_real_gen,acc_gen_real,acc_gen_gen,n_val
0,1.0692024230957031,0.4283841550350189,0.9126315789473685,0.9052631578947369,0.91,0.9057894736842105,1900
