,kl,js,acc_real_real,acc_real_gen,acc_gen_real,acc_gen_gen,n_val
0,1.964005708694458,0.5907725095748901,0.8036842105263158,0.7163157894736842,0.7921052631578948,0.7347368421052631,1900
