,kl,js,acc_real_real,acc_real_gen,acc_gen_real,acc_gen_gen,n_val
0,6.274973392486572,0.8374122977256775,0.8989473684210526,0.966842105263158,0.8852631578947369,0.9852631578947368,1900
