,kl,js,acc_real_real,acc_real_gen,acc_gen_real,acc_gen_gen,n_val
0,0.6415235996246338,0.2925083041191101,0.7989473684210526,0.7678947368421053,0.7878947368421053,0.7857894736842105,1900
