,kl,js,acc_real_real,acc_real_gen,acc_gen_real,acc_gen_gen,n_val
0,1.2177985906600952,0.3884691298007965,0.8078947368421052,0.7636842105263157,0.8036842105263158,0.7726315789473684,1900
