,kl,js,acc_real_real,acc_real_gen,acc_gen_real,acc_gen_gen,n_val
0,1.2889283895492554,0.46922606229782104,0.8478947368421053,0.8826315789473684,0.8352631578947368,0.8805263157894737,1900
