,kl,js,acc_real_real,acc_real_gen,acc_gen_real,acc_gen_gen,n_val
0,0.8060392141342163,0.3353101909160614,0.9121052631578948,0.8894736842105263,0.9105263157894737,0.8963157894736842,1900
