,kl,js,acc_real_real,acc_real_gen,acc_gen_real,acc_gen_gen,n_val
0,1.463895559310913,0.4844735264778137,0.8478947368421053,0.8978947368421053,0.8394736842105263,0.9063157894736842,1900
