,kl,js,acc_real_real,acc_real_gen,acc_gen_real,acc_gen_gen,n_val
0,3.509032726287842,0.7254226803779602,0.848421052631579,0.888421052631579,0.8315789473684211,0.9221052631578948,1900
