,kl,js,acc_real_real,acc_real_gen,acc_gen_real,acc_gen_gen,n_val
0,1.2212132215499878,0.47967472672462463,0.9110526315789473,0.9042105263157895,0.9094736842105263,0.9021052631578947,1900
