,kl,js,acc_real_real,acc_real_gen,acc_gen_real,acc_gen_gen,n_val
0,1.261368751525879,0.39867812395095825,0.8084210526315789,0.7652631578947369,0.8010526315789473,0.7757894736842105,1900
