,kl,js,acc_real_real,acc_real_gen,acc_gen_real,acc_gen_gen,n_val
0,1.9782921075820923,0.6222859025001526,0.8089473684210526,0.8736842105263158,0.7847368421052632,0.8810526315789474,1900
