,kl,js,acc_real_real,acc_real_gen,acc_gen_real,acc_gen_gen,n_val
0,4.184567928314209,0.7530906200408936,0.8436842105263158,0.871578947368421,0.8273684210526315,0.9184210526315789,1900
