,kl,js,acc_real_real,acc_real_gen,acc_gen_real,acc_gen_gen,n_val
0,0.26442357897758484,0.4607376456260681,0.8105263157894737,0.7573684210526316,0.7984210526315789,0.7610526315789473,1900
