,kl,js,acc_real_real,acc_real_gen,acc_gen_real,acc_gen_gen,n_val
0,0.3381434381008148,0.1088082492351532,0.8073684210526316,0.7684210526315789,0.8084210526315789,0.7742105263157895,1900
