,kl,js,acc_real_real,acc_real_gen,acc_gen_real,acc_gen_gen,n_val
0,1.4456374645233154,0.46496492624282837,0.8105263157894737,0.8726315789473684,0.7978947368421052,0.8763157894736842,1900
