,kl,js,acc_real_real,acc_real_gen,acc_gen_real,acc_gen_gen,n_val
0,4.200607776641846,0.7219701409339905,0.8442105263157895,0.9236842105263158,0.828421052631579,0.9336842105263158,1900
