,kl,js,acc_real_real,acc_real_gen,acc_gen_real,acc_gen_gen,n_val
0,7.344337463378906,0.8250179290771484,0.8452631578947368,0.911578947368421,0.8147368421052632,0.9347368421052632,1900
