,kl,js,acc_real_real,acc_real_gen,acc_gen_real,acc_gen_gen,n_val
0,3.680199384689331,0.6949523687362671,0.8421052631578947,0.9052631578947369,0.8326315789473684,0.9226315789473685,1900
