,kl,js,acc_real_real,acc_real_gen,acc_gen_real,acc_gen_gen,n_val
0,0.7535553574562073,0.3221113979816437,0.9121052631578948,0.8921052631578947,0.91,0.8957894736842106,1900
