,kl,js,acc_real_real,acc_real_gen,acc_gen_real,acc_gen_gen,n_val
0,6.018285274505615,0.884186863899231,0.8442105263157895,0.9068421052631579,0.8326315789473684,0.9136842105263158,1900
