,kl,js,acc_real_real,acc_real_gen,acc_gen_real,acc_gen_gen,n_val
0,7.358464241027832,0.8093359470367432,0.8452631578947368,0.91,0.8152631578947368,0.9331578947368421,1900
