,kl,js,acc_real_real,acc_real_gen,acc_gen_real,acc_gen_gen,n_val
0,1.8494219779968262,0.6335372924804688,0.8068421052631579,0.7115789473684211,0.8,0.7289473684210527,1900
