,kl,js,acc_real_real,acc_real_gen,acc_gen_real,acc_gen_gen,n_val
0,0.45530205965042114,0.17957371473312378,0.8573684210526316,0.8415789473684211,0.8547368421052631,0.8457894736842105,1900
