,kl,js,acc_real_real,acc_real_gen,acc_gen_real,acc_gen_gen,n_val
0,5.982110500335693,0.8230451941490173,0.848421052631579,0.871578947368421,0.8115789473684211,0.9126315789473685,1900
