,kl,js,acc_real_real,acc_real_gen,acc_gen_real,acc_gen_gen,n_val
0,1.3877004384994507,0.46324676275253296,0.8078947368421052,0.871578947368421,0.8047368421052632,0.8757894736842106,1900
