,kl,js,acc_real_real,acc_real_gen,acc_gen_real,acc_gen_gen,n_val
0,2.006404399871826,0.6080726385116577,0.8089473684210526,0.7752631578947369,0.7936842105263158,0.7936842105263158,1900
