,kl,js,acc_real_real,acc_real_gen,acc_gen_real,acc_gen_gen,n_val
0,3.567774534225464,0.7609394192695618,0.8468421052631578,0.8910526315789473,0.828421052631579,0.9221052631578948,1900
