,kl,js,acc_real_real,acc_real_gen,acc_gen_real,acc_gen_gen,n_val
0,0.5368831753730774,0.1404525339603424,0.7984210526315789,0.7710526315789473,0.7873684210526316,0.7826315789473685,1900
