,kl,js,acc_real_real,acc_real_gen,acc_gen_real,acc_gen_gen,n_val
0,2.4631149768829346,0.46168023347854614,0.8984210526315789,0.9805263157894737,0.8968421052631579,0.9821052631578947,1900
