,kl,js,acc_real_real,acc_real_gen,acc_gen_real,acc_gen_gen,n_val
0,0.9142491817474365,0.307007759809494,0.9126315789473685,0.9094736842105263,0.9094736842105263,0.91,1900
