,kl,js,acc_real_real,acc_real_gen,acc_gen_real,acc_gen_gen,n_val
0,0.9939330220222473,0.3324107229709625,0.9105263157894737,0.9163157894736842,0.91,0.92,1900
