,kl,js,acc_real_real,acc_real_gen,acc_gen_real,acc_gen_gen,n_val
0,4.331965446472168,0.6914754509925842,0.8405263157894737,0.9031578947368422,0.8252631578947368,0.9378947368421052,1900
