,kl,js,acc_real_real,acc_real_gen,acc_gen_real,acc_gen_gen,n_val
0,1.0915743112564087,0.40606850385665894,0.8068421052631579,0.7557894736842106,0.8052631578947368,0.771578947368421,1900
