,kl,js,acc_real_real,acc_real_gen,acc_gen_real,acc_gen_gen,n_val
0,3.5326242446899414,0.7702951431274414,0.8442105263157895,0.888421052631579,0.8326315789473684,0.9231578947368421,1900
