,kl,js,acc_real_real,acc_real_gen,acc_gen_real,acc_gen_gen,n_val
0,1.5219312906265259,0.5507913827896118,0.8036842105263158,0.7573684210526316,0.8073684210526316,0.7836842105263158,1900
