,kl,js,acc_real_real,acc_real_gen,acc_gen_real,acc_gen_gen,n_val
0,1.0541611909866333,0.3625437617301941,0.9121052631578948,0.9194736842105263,0.91,0.9231578947368421,1900
