,kl,js,acc_real_real,acc_real_gen,acc_gen_real,acc_gen_gen,n_val
0,4.072543144226074,0.740814208984375,0.8436842105263158,0.8710526315789474,0.8305263157894737,0.9184210526315789,1900
