,kl,js,acc_real_real,acc_real_gen,acc_gen_real,acc_gen_gen,n_val
0,1.2870371341705322,0.4885297417640686,0.9105263157894737,0.8978947368421053,0.9105263157894737,0.9031578947368422,1900
