,kl,js,acc_real_real,acc_real_gen,acc_gen_real,acc_gen_gen,n_val
0,1.2491809129714966,0.39209848642349243,0.8047368421052632,0.8826315789473684,0.8057894736842105,0.8810526315789474,1900
