,kl,js,acc_real_real,acc_real_gen,acc_gen_real,acc_gen_gen,n_val
0,1.155259609222412,0.4752068519592285,0.8442105263157895,0.85,0.8447368421052631,0.8505263157894737,1900
