,kl,js,acc_real_real,acc_real_gen,acc_gen_real,acc_gen_gen,n_val
0,4.085795879364014,0.6630900502204895,0.8436842105263158,0.9047368421052632,0.8068421052631579,0.9373684210526316,1900
