,kl,js,acc_real_real,acc_real_gen,acc_gen_real,acc_gen_gen,n_val
0,3.9241230487823486,0.7710853815078735,0.8426315789473684,0.868421052631579,0.8252631578947368,0.92,1900
