,kl,js,acc_real_real,acc_real_gen,acc_gen_real,acc_gen_gen,n_val
0,1.5470789670944214,0.5185233354568481,0.8021052631578948,0.9105263157894737,0.7973684210526316,0.9142105263157895,1900
