,kl,js,acc_real_real,acc_real_gen,acc_gen_real,acc_gen_gen,n_val
0,0.7301262021064758,0.358885258436203,0.9110526315789473,0.9184210526315789,0.9094736842105263,0.9194736842105263,1900
