,kl,js,acc_real_real,acc_real_gen,acc_gen_real,acc_gen_gen,n_val
0,1.0753909349441528,0.4059021472930908,0.8078947368421052,0.7636842105263157,0.8042105263157895,0.7589473684210526,1900
