,kl,js,acc_real_real,acc_real_gen,acc_gen_real,acc_gen_gen,n_val
0,1.521791934967041,0.529670000076294,0.8084210526315789,0.7578947368421053,0.8,0.7821052631578947,1900
