,kl,js,acc_real_real,acc_real_gen,acc_gen_real,acc_gen_gen,n_val
0,1.0966038703918457,0.3803926110267639,0.8457894736842105,0.9047368421052632,0.8357894736842105,0.9089473684210526,1900
