,kl,js,acc_real_real,acc_real_gen,acc_gen_real,acc_gen_gen,n_val
0,1.2623218297958374,0.49645641446113586,0.91,0.8994736842105263,0.91,0.9026315789473685,1900
