,kl,js,acc_real_real,acc_real_gen,acc_gen_real,acc_gen_gen,n_val
0,1.0543357133865356,0.41088709235191345,0.9121052631578948,0.9194736842105263,0.91,0.9205263157894736,1900
