,kl,js,acc_real_real,acc_real_gen,acc_gen_real,acc_gen_gen,n_val
0,1.3760764598846436,0.48159027099609375,0.8094736842105263,0.8747368421052631,0.8010526315789473,0.8726315789473684,1900
