,kl,js,acc_real_real,acc_real_gen,acc_gen_real,acc_gen_gen,n_val
0,1.1222771406173706,0.4158313274383545,0.8094736842105263,0.7642105263157895,0.7952631578947369,0.7752631578947369,1900
