,kl,js,acc_real_real,acc_real_gen,acc_gen_real,acc_gen_gen,n_val
0,1.3652862310409546,0.45996758341789246,0.91,0.9021052631578947,0.9094736842105263,0.901578947368421,1900
