,kl,js,acc_real_real,acc_real_gen,acc_gen_real,acc_gen_gen,n_val
0,1.1459219455718994,0.41623973846435547,0.9121052631578948,0.8947368421052632,0.91,0.8978947368421053,1900
