,kl,js,acc_real_real,acc_real_gen,acc_gen_real,acc_gen_gen,n_val
0,1.049441933631897,0.4099343419075012,0.9110526315789473,0.9189473684210526,0.91,0.92,1900
