,kl,js,acc_real_real,acc_real_gen,acc_gen_real,acc_gen_gen,n_val
0,4.561182975769043,0.7004774808883667,0.8447368421052631,0.9031578947368422,0.8289473684210527,0.92,1900
