,kl,js,acc_real_real,acc_real_gen,acc_gen_real,acc_gen_gen,n_val
0,3.580389976501465,0.6976894736289978,0.8436842105263158,0.9063157894736842,0.8073684210526316,0.9389473684210526,1900
