,kl,js,acc_real_real,acc_real_gen,acc_gen_real,acc_gen_gen,n_val
0,1.1544265747070312,0.5152924060821533,0.8057894736842105,0.7652631578947369,0.7952631578947369,0.7721052631578947,1900
