,kl,js,acc_real_real,acc_real_gen,acc_gen_real,acc_gen_gen,n_val
0,1.215327262878418,0.4347805678844452,0.9094736842105263,0.8963157894736842,0.91,0.8978947368421053,1900
