,kl,js,acc_real_real,acc_real_gen,acc_gen_real,acc_gen_gen,n_val
0,4.216941833496094,0.7167739272117615,0.8494736842105263,0.9110526315789473,0.8305263157894737,0.9342105263157895,1900
