,kl,js,acc_real_real,acc_real_gen,acc_gen_real,acc_gen_gen,n_val
0,1.2275937795639038,0.4536592960357666,0.91,0.9036842105263158,0.9121052631578948,0.9036842105263158,1900
