,kl,js,acc_real_real,acc_real_gen,acc_gen_real,acc_gen_gen,n_val
0,0.7983625531196594,0.253185898065567,0.8563157894736843,0.8342105263157895,0.8563157894736843,0.8457894736842105,1900
