,kl,js,acc_real_real,acc_real_gen,acc_gen_real,acc_gen_gen,n_val
0,0.472995787858963,0.1750081479549408,0.7968421052631579,0.8357894736842105,0.7863157894736842,0.8494736842105263,1900
