,kl,js,acc_real_real,acc_real_gen,acc_gen_real,acc_gen_gen,n_val
0,0.8707229495048523,0.33065280318260193,0.9136842105263158,0.9026315789473685,0.911578947368421,0.9052631578947369,1900
