,kl,js,acc_real_real,acc_real_gen,acc_gen_real,acc_gen_gen,n_val
0,0.9117254018783569,0.3304015100002289,0.9110526315789473,0.8921052631578947,0.9084210526315789,0.8947368421052632,1900
