,kl,js,acc_real_real,acc_real_gen,acc_gen_real,acc_gen_gen,n_val
0,1.4454790353775024,0.505786657333374,0.8084210526315789,0.7747368421052632,0.7963157894736842,0.7868421052631579,1900
