,kl,js,acc_real_real,acc_real_gen,acc_gen_real,acc_gen_gen,n_val
0,0.4506834149360657,0.1628352701663971,0.8578947368421053,0.8431578947368421,0.8531578947368421,0.8442105263157895,1900
