,kl,js,acc_real_real,acc_real_gen,acc_gen_real,acc_gen_gen,n_val
0,5.7047200202941895,0.8196772336959839,0.8452631578947368,0.8736842105263158,0.8110526315789474,0.9152631578947369,1900
