,kl,js,acc_real_real,acc_real_gen,acc_gen_real,acc_gen_gen,n_val
0,1.2911487817764282,0.4692305326461792,0.8436842105263158,0.8473684210526315,0.8415789473684211,0.8536842105263158,1900
