,kl,js,acc_real_real,acc_real_gen,acc_gen_real,acc_gen_gen,n_val
0,1.5472489595413208,0.5233743190765381,0.8068421052631579,0.751578947368421,0.8136842105263158,0.7705263157894737,1900
