,kl,js,acc_real_real,acc_real_gen,acc_gen_real,acc_gen_gen,n_val
0,1.0533078908920288,0.3842705488204956,0.8452631578947368,0.9021052631578947,0.8363157894736842,0.9078947368421053,1900
