,kl,js,acc_real_real,acc_real_gen,acc_gen_real,acc_gen_gen,n_val
0,4.123348712921143,0.7128587365150452,0.848421052631579,0.9242105263157895,0.8252631578947368,0.9368421052631579,1900
