,kl,js,acc_real_real,acc_real_gen,acc_gen_real,acc_gen_gen,n_val
0,0.9721286296844482,0.3439895510673523,0.9110526315789473,0.9163157894736842,0.9105263157894737,0.9189473684210526,1900
