,kl,js,acc_real_real,acc_real_gen,acc_gen_real,acc_gen_gen,n_val
0,0.9699118137359619,0.4330775737762451,0.9126315789473685,0.9084210526315789,0.9121052631578948,0.9078947368421053,1900
