,kl,js,acc_real_real,acc_real_gen,acc_gen_real,acc_gen_gen,n_val
0,2.531172037124634,0.4602048397064209,0.8973684210526316,0.9810526315789474,0.8989473684210526,0.9821052631578947,1900
