,kl,js,acc_real_real,acc_real_gen,acc_gen_real,acc_gen_gen,n_val
0,6.320611476898193,0.8240997791290283,0.8978947368421053,0.9663157894736842,0.8857894736842106,0.9847368421052631,1900
