,kl,js,acc_real_real,acc_real_gen,acc_gen_real,acc_gen_gen,n_val
0,4.493537425994873,0.7180671095848083,0.848421052631579,0.9089473684210526,0.8268421052631579,0.9336842105263158,1900
