,kl,js,acc_real_real,acc_real_gen,acc_gen_real,acc_gen_gen,n_val
0,0.7299784421920776,0.3231487274169922,0.9126315789473685,0.9084210526315789,0.9110526315789473,0.91,1900
