,kl,js,acc_real_real,acc_real_gen,acc_gen_real,acc_gen_gen,n_val
0,1.077359676361084,0.4308825731277466,0.9094736842105263,0.9057894736842105,0.9105263157894737,0.9073684210526316,1900
