,kl,js,acc_real_real,acc_real_gen,acc_gen_real,acc_gen_gen,n_val
0,1.2147600650787354,0.5037968754768372,0.9110526315789473,0.9047368421052632,0.9105263157894737,0.9063157894736842,1900
