,kl,js,acc_real_real,acc_real_gen,acc_gen_real,acc_gen_gen,n_val
0,7.415396690368652,0.8714556097984314,0.8431578947368421,0.9047368421052632,0.83,0.9157894736842105,1900
