,kl,js,acc_real_real,acc_real_gen,acc_gen_real,acc_gen_gen,n_val
0,0.9132558703422546,0.3301257789134979,0.911578947368421,0.891578947368421,0.9105263157894737,0.8947368421052632,1900
