,kl,js,acc_real_real,acc_real_gen,acc_gen_real,acc_gen_gen,n_val
0,0.980816662311554,0.3371308445930481,0.911578947368421,0.9,0.9126315789473685,0.9026315789473685,1900
