,kl,js,acc_real_real,acc_real_gen,acc_gen_real,acc_gen_gen,n_val
0,0.47608792781829834,0.1724129319190979,0.7978947368421052,0.8342105263157895,0.791578947368421,0.8510526315789474,1900
