,kl,js,acc_real_real,acc_real_gen,acc_gen_real,acc_gen_gen,n_val
0,1.180079460144043,0.4374116063117981,0.9110526315789473,0.8978947368421053,0.9089473684210526,0.8984210526315789,1900
