,kl,js,acc_real_real,acc_real_gen,acc_gen_real,acc_gen_gen,n_val
0,1.0327423810958862,0.4370385408401489,0.81,0.7705263157894737,0.81,0.7652631578947369,1900
