,kl,js,acc_real_real,acc_real_gen,acc_gen_real,acc_gen_gen,n_val
0,6.621892929077148,0.8644821643829346,0.8457894736842105,0.9031578947368422,0.8331578947368421,0.9126315789473685,1900
