,kl,js,acc_real_real,acc_real_gen,acc_gen_real,acc_gen_gen,n_val
0,2.027099370956421,0.6293679475784302,0.8068421052631579,0.8794736842105263,0.78,0.8847368421052632,1900
