,kl,js,acc_real_real,acc_real_gen,acc_gen_real,acc_gen_gen,n_val
0,1.668155550956726,0.5616902112960815,0.8105263157894737,0.7789473684210526,0.7963157894736842,0.7878947368421053,1900
