,kl,js,acc_real_real,acc_real_gen,acc_gen_real,acc_gen_gen,n_val
0,0.9436065554618835,0.31778770685195923,0.911578947368421,0.8910526315789473,0.9084210526315789,0.8952631578947369,1900
