,kl,js,acc_real_real,acc_real_gen,acc_gen_real,acc_gen_gen,n_val
0,1.2662712335586548,0.34426695108413696,0.8052631578947368,0.7526315789473684,0.8021052631578948,0.7573684210526316,1900
