,kl,js,acc_real_real,acc_real_gen,acc_gen_real,acc_gen_gen,n_val
0,3.7543771266937256,0.6945170164108276,0.8410526315789474,0.9021052631578947,0.8331578947368421,0.9226315789473685,1900
