,kl,js,acc_real_real,acc_real_gen,acc_gen_real,acc_gen_gen,n_val
0,1.5764573812484741,0.5231505632400513,0.8068421052631579,0.758421052631579,0.8089473684210526,0.7684210526315789,1900
