,kl,js,acc_real_real,acc_real_gen,acc_gen_real,acc_gen_gen,n_val
0,0.9031873941421509,0.3658299148082733,0.7978947368421052,0.7621052631578947,0.7878947368421053,0.7757894736842105,1900
