,kl,js,acc_real_real,acc_real_gen,acc_gen_real,acc_gen_gen,n_val
0,1.050872802734375,0.37889593839645386,0.8463157894736842,0.9036842105263158,0.838421052631579,0.9084210526315789,1900
