,kl,js,acc_real_real,acc_real_gen,acc_gen_real,acc_gen_gen,n_val
0,0.9476799964904785,0.3217085599899292,0.8978947368421053,0.8415789473684211,0.8973684210526316,0.8415789473684211,1900
