,kl,js,acc_real_real,acc_real_gen,acc_gen_real,acc_gen_gen,n_val
0,4.756814479827881,0.7298041582107544,0.8473684210526315,0.9052631578947369,0.8321052631578948,0.9410526315789474,1900
