,kl,js,acc_real_real,acc_real_gen,acc_gen_real,acc_gen_gen,n_val
0,4.7812089920043945,0.8163158893585205,0.8436842105263158,0.8789473684210526,0.8184210526315789,0.9231578947368421,1900
