,kl,js,acc_real_real,acc_real_gen,acc_gen_real,acc_gen_gen,n_val
0,7.965539932250977,0.8735783696174622,0.8468421052631578,0.9078947368421053,0.828421052631579,0.9252631578947368,1900
