,kl,js,acc_real_real,acc_real_gen,acc_gen_real,acc_gen_gen,n_val
0,5.133686542510986,0.8071590662002563,0.8436842105263158,0.8763157894736842,0.8157894736842105,0.9247368421052632,1900
