,kl,js,acc_real_real,acc_real_gen,acc_gen_real,acc_gen_gen,n_val
0,0.8978771567344666,0.3184662163257599,0.8984210526315789,0.8415789473684211,0.8973684210526316,0.8410526315789474,1900
