,kl,js,acc_real_real,acc_real_gen,acc_gen_real,acc_gen_gen,n_val
0,0.4793374538421631,0.17448017001152039,0.8047368421052632,0.8326315789473684,0.7884210526315789,0.8505263157894737,1900
