,kl,js,acc_real_real,acc_real_gen,acc_gen_real,acc_gen_gen,n_val
0,0.9365977048873901,0.37052756547927856,0.7968421052631579,0.7573684210526316,0.7926315789473685,0.7736842105263158,1900
