,kl,js,acc_real_real,acc_real_gen,acc_gen_real,acc_gen_gen,n_val
0,0.8339598774909973,0.3696567714214325,0.8084210526315789,0.7568421052631579,0.8036842105263158,0.7663157894736842,1900
