,kl,js,acc_real_real,acc_real_gen,acc_gen_real,acc_gen_gen,n_val
0,1.5668182373046875,0.5781891345977783,0.8063157894736842,0.7573684210526316,0.8078947368421052,0.7742105263157895,1900
