,kl,js,acc_real_real,acc_real_gen,acc_gen_real,acc_gen_gen,n_val
0,2.497598648071289,0.4675248861312866,0.9005263157894737,0.9815789473684211,0.8973684210526316,0.9826315789473684,1900
