,kl,js,acc_real_real,acc_real_gen,acc_gen_real,acc_gen_gen,n_val
0,1.1816445589065552,0.46408629417419434,0.9121052631578948,0.8931578947368422,0.9094736842105263,0.8963157894736842,1900
