,kl,js,acc_real_real,acc_real_gen,acc_gen_real,acc_gen_gen,n_val
0,2.098524332046509,0.6358121633529663,0.8052631578947368,0.7694736842105263,0.8021052631578948,0.7878947368421053,1900
