,kl,js,acc_real_real,acc_real_gen,acc_gen_real,acc_gen_gen,n_val
0,0.570711076259613,0.17646366357803345,0.8610526315789474,0.8426315789473684,0.85,0.8431578947368421,1900
