,kl,js,acc_real_real,acc_real_gen,acc_gen_real,acc_gen_gen,n_val
0,0.9277361035346985,0.3408381938934326,0.911578947368421,0.9178947368421052,0.91,0.9194736842105263,1900
