,kl,js,acc_real_real,acc_real_gen,acc_gen_real,acc_gen_gen,n_val
0,0.4854249358177185,0.17607593536376953,0.8573684210526316,0.8426315789473684,0.8631578947368421,0.8442105263157895,1900
