,kl,js,acc_real_real,acc_real_gen,acc_gen_real,acc_gen_gen,n_val
0,1.28708016872406,0.4820970892906189,0.9105263157894737,0.8994736842105263,0.91,0.9031578947368422,1900
