,kl,js,acc_real_real,acc_real_gen,acc_gen_real,acc_gen_gen,n_val
0,7.631006240844727,0.8355092406272888,0.8457894736842105,0.9105263157894737,0.8163157894736842,0.9294736842105263,1900
