,kl,js,acc_real_real,acc_real_gen,acc_gen_real,acc_gen_gen,n_val
0,1.1547778844833374,0.40196704864501953,0.8068421052631579,0.761578947368421,0.8078947368421052,0.7673684210526316,1900
