,kl,js,acc_real_real,acc_real_gen,acc_gen_real,acc_gen_gen,n_val
0,1.946738600730896,0.6011738777160645,0.9078947368421053,0.8926315789473684,0.9110526315789473,0.8926315789473684,1900
