,kl,js,acc_real_real,acc_real_gen,acc_gen_real,acc_gen_gen,n_val
0,2.495027780532837,0.700150728225708,0.9110526315789473,0.8826315789473684,0.9084210526315789,0.8873684210526316,1900
