,kl,js,acc_real_real,acc_real_gen,acc_gen_real,acc_gen_gen,n_val
0,0.636802077293396,0.27600985765457153,0.9142105263157895,0.9084210526315789,0.9136842105263158,0.9110526315789473,1900
