,kl,js,acc_real_real,acc_real_gen,acc_gen_real,acc_gen_gen,n_val
0,1.2878711223602295,0.4247409701347351,0.9042105263157895,0.9021052631578947,0.9047368421052632,0.9063157894736842,1900
