,kl,js,acc_real_real,acc_real_gen,acc_gen_real,acc_gen_gen,n_val
0,1.275899887084961,0.46915584802627563,0.9084210526315789,0.8794736842105263,0.9094736842105263,0.8831578947368421,1900
