,kl,js,acc_real_real,acc_real_gen,acc_gen_real,acc_gen_gen,n_val
0,5.470957279205322,0.7396485805511475,0.9057894736842105,0.8963157894736842,0.8963157894736842,0.8957894736842106,1900
