,kl,js,acc_real_real,acc_real_gen,acc_gen_real,acc_gen_gen,n_val
0,0.5500746369361877,0.16029676795005798,0.9105263157894737,0.911578947368421,0.9121052631578948,0.9136842105263158,1900
