,kl,js,acc_real_real,acc_real_gen,acc_gen_real,acc_gen_gen,n_val
0,4.4075517654418945,0.7482067346572876,0.9057894736842105,0.9247368421052632,0.8994736842105263,0.9247368421052632,1900
