,kl,js,acc_real_real,acc_real_gen,acc_gen_real,acc_gen_gen,n_val
0,0.8738968968391418,0.39059701561927795,0.9142105263157895,0.9105263157894737,0.9136842105263158,0.9121052631578948,1900
