,kl,js,acc_real_real,acc_real_gen,acc_gen_real,acc_gen_gen,n_val
0,4.722685813903809,0.782828688621521,0.9089473684210526,0.8973684210526316,0.8963157894736842,0.8952631578947369,1900
