,kl,js,acc_real_real,acc_real_gen,acc_gen_real,acc_gen_gen,n_val
0,5.8805646896362305,0.8518073558807373,0.9057894736842105,0.8873684210526316,0.9026315789473685,0.8894736842105263,1900
