,kl,js,acc_real_real,acc_real_gen,acc_gen_real,acc_gen_gen,n_val
0,1.5299469232559204,0.4991930425167084,0.9089473684210526,0.8957894736842106,0.911578947368421,0.8947368421052632,1900
