,kl,js,acc_real_real,acc_real_gen,acc_gen_real,acc_gen_gen,n_val
0,8.149284362792969,0.8436943888664246,0.91,0.9063157894736842,0.8994736842105263,0.9131578947368421,1900
