,kl,js,acc_real_real,acc_real_gen,acc_gen_real,acc_gen_gen,n_val
0,7.252618789672852,0.8585840463638306,0.9078947368421053,0.8857894736842106,0.9031578947368422,0.8894736842105263,1900
