,kl,js,acc_real_real,acc_real_gen,acc_gen_real,acc_gen_gen,n_val
0,1.3278677463531494,0.5699245929718018,0.9068421052631579,0.8984210526315789,0.9084210526315789,0.9,1900
