,kl,js,acc_real_real,acc_real_gen,acc_gen_real,acc_gen_gen,n_val
0,1.0674831867218018,0.34767261147499084,0.9084210526315789,0.8847368421052632,0.9094736842105263,0.8931578947368422,1900
