,kl,js,acc_real_real,acc_real_gen,acc_gen_real,acc_gen_gen,n_val
0,0.5068788528442383,0.11543670296669006,0.9163157894736842,0.9042105263157895,0.9142105263157895,0.9063157894736842,1900
