,kl,js,acc_real_real,acc_real_gen,acc_gen_real,acc_gen_gen,n_val
0,1.4075876474380493,0.4284251928329468,0.9063157894736842,0.9036842105263158,0.9042105263157895,0.9073684210526316,1900
