,kl,js,acc_real_real,acc_real_gen,acc_gen_real,acc_gen_gen,n_val
0,0.6676329374313354,0.27752938866615295,0.9163157894736842,0.9078947368421053,0.9142105263157895,0.9105263157894737,1900
