,kl,js,acc_real_real,acc_real_gen,acc_gen_real,acc_gen_gen,n_val
0,4.9306640625,0.7932863831520081,0.9042105263157895,0.8978947368421053,0.8963157894736842,0.8952631578947369,1900
