,kl,js,acc_real_real,acc_real_gen,acc_gen_real,acc_gen_gen,n_val
0,0.23765352368354797,0.21530115604400635,0.9094736842105263,0.9063157894736842,0.9121052631578948,0.9068421052631579,1900
