,kl,js,acc_real_real,acc_real_gen,acc_gen_real,acc_gen_gen,n_val
0,0.9105755090713501,0.3276846706867218,0.9142105263157895,0.9084210526315789,0.9136842105263158,0.9084210526315789,1900
