,kl,js,acc_real_real,acc_real_gen,acc_gen_real,acc_gen_gen,n_val
0,0.8435167670249939,0.3852444291114807,0.9063157894736842,0.8863157894736842,0.9089473684210526,0.8905263157894737,1900
