,kl,js,acc_real_real,acc_real_gen,acc_gen_real,acc_gen_gen,n_val
0,1.5762871503829956,0.484730064868927,0.9057894736842105,0.8894736842105263,0.9089473684210526,0.8905263157894737,1900
