,kl,js,acc_real_real,acc_real_gen,acc_gen_real,acc_gen_gen,n_val
0,3.277050018310547,0.6305841207504272,0.9068421052631579,0.9105263157894737,0.9036842105263158,0.9142105263157895,1900
