,kl,js,acc_real_real,acc_real_gen,acc_gen_real,acc_gen_gen,n_val
0,0.8801429271697998,0.3278397023677826,0.9142105263157895,0.9094736842105263,0.9142105263157895,0.9126315789473685,1900
