,kl,js,acc_real_real,acc_real_gen,acc_gen_real,acc_gen_gen,n_val
0,4.19185209274292,0.7721767425537109,0.9073684210526316,0.9273684210526316,0.9010526315789473,0.9289473684210526,1900
