,kl,js,acc_real_real,acc_real_gen,acc_gen_real,acc_gen_gen,n_val
0,2.0103747844696045,0.5866063833236694,0.9078947368421053,0.8931578947368422,0.911578947368421,0.8947368421052632,1900
