,kl,js,acc_real_real,acc_real_gen,acc_gen_real,acc_gen_gen,n_val
0,5.723611831665039,0.8194310069084167,0.9063157894736842,0.8789473684210526,0.8952631578947369,0.8794736842105263,1900
