,kl,js,acc_real_real,acc_real_gen,acc_gen_real,acc_gen_gen,n_val
0,1.6345518827438354,0.5669020414352417,0.9089473684210526,0.8978947368421053,0.9089473684210526,0.9,1900
