,kl,js,acc_real_real,acc_real_gen,acc_gen_real,acc_gen_gen,n_val
0,0.36825859546661377,0.09917566180229187,0.9126315789473685,0.9026315789473685,0.9142105263157895,0.9057894736842105,1900
