,kl,js,acc_real_real,acc_real_gen,acc_gen_real,acc_gen_gen,n_val
0,1.7392295598983765,0.47782599925994873,0.9110526315789473,0.8926315789473684,0.9094736842105263,0.8905263157894737,1900
