,kl,js,acc_real_real,acc_real_gen,acc_gen_real,acc_gen_gen,n_val
0,1.1834580898284912,0.5831108093261719,0.9063157894736842,0.8894736842105263,0.9052631578947369,0.888421052631579,1900
