,kl,js,acc_real_real,acc_real_gen,acc_gen_real,acc_gen_gen,n_val
0,1.4517676830291748,0.4119907021522522,0.9121052631578948,0.9031578947368422,0.9126315789473685,0.9057894736842105,1900
