,kl,js,acc_real_real,acc_real_gen,acc_gen_real,acc_gen_gen,n_val
0,1.112399697303772,0.3851293921470642,0.9094736842105263,0.8863157894736842,0.9063157894736842,0.888421052631579,1900
