,kl,js,acc_real_real,acc_real_gen,acc_gen_real,acc_gen_gen,n_val
0,0.27243542671203613,0.16783279180526733,0.9121052631578948,0.9026315789473685,0.9142105263157895,0.9073684210526316,1900
