,kl,js,acc_real_real,acc_real_gen,acc_gen_real,acc_gen_gen,n_val
0,2.617870807647705,0.6961541771888733,0.9068421052631579,0.8821052631578947,0.9063157894736842,0.8863157894736842,1900
