,kl,js,acc_real_real,acc_real_gen,acc_gen_real,acc_gen_gen,n_val
0,1.0147007703781128,0.4118736982345581,0.9168421052631579,0.9036842105263158,0.9147368421052632,0.901578947368421,1900
