,kl,js,acc_real_real,acc_real_gen,acc_gen_real,acc_gen_gen,n_val
0,3.180110454559326,0.6897838115692139,0.9084210526315789,0.911578947368421,0.9026315789473685,0.9147368421052632,1900
