,kl,js,acc_real_real,acc_real_gen,acc_gen_real,acc_gen_gen,n_val
0,0.5223907828330994,0.3247483968734741,0.9147368421052632,0.9131578947368421,0.9131578947368421,0.9121052631578948,1900
