,kl,js,acc_real_real,acc_real_gen,acc_gen_real,acc_gen_gen,n_val
0,0.32794660329818726,0.12201860547065735,0.9073684210526316,0.911578947368421,0.9110526315789473,0.9152631578947369,1900
