,kl,js,acc_real_real,acc_real_gen,acc_gen_real,acc_gen_gen,n_val
0,2.7860355377197266,0.4833335876464844,0.9084210526315789,0.9289473684210526,0.9047368421052632,0.9321052631578948,1900
