,kl,js,acc_real_real,acc_real_gen,acc_gen_real,acc_gen_gen,n_val
0,3.2623350620269775,0.6214927434921265,0.9089473684210526,0.9110526315789473,0.9047368421052632,0.9147368421052632,1900
