,kl,js,acc_real_real,acc_real_gen,acc_gen_real,acc_gen_gen,n_val
0,1.4755775928497314,0.4581747055053711,0.9094736842105263,0.8852631578947369,0.91,0.89,1900
