,kl,js,acc_real_real,acc_real_gen,acc_gen_real,acc_gen_gen,n_val
0,0.5116031169891357,0.1482602059841156,0.9142105263157895,0.9110526315789473,0.9147368421052632,0.9147368421052632,1900
