,kl,js,acc_real_real,acc_real_gen,acc_gen_real,acc_gen_gen,n_val
0,6.710635185241699,0.7958950400352478,0.9063157894736842,0.8789473684210526,0.8968421052631579,0.8789473684210526,1900
