,kl,js,acc_real_real,acc_real_gen,acc_gen_real,acc_gen_gen,n_val
0,0.7625109553337097,0.28451696038246155,0.9136842105263158,0.8994736842105263,0.9142105263157895,0.9063157894736842,1900
