,kl,js,acc_real_real,acc_real_gen,acc_gen_real,acc_gen_gen,n_val
0,0.7743394374847412,0.28138241171836853,0.9157894736842105,0.9068421052631579,0.9147368421052632,0.9094736842105263,1900
