,kl,js,acc_real_real,acc_real_gen,acc_gen_real,acc_gen_gen,n_val
0,0.2692073583602905,0.15292713046073914,0.9073684210526316,0.9036842105263158,0.9089473684210526,0.9084210526315789,1900
