,kl,js,acc_real_real,acc_real_gen,acc_gen_real,acc_gen_gen,n_val
0,1.3335684537887573,0.5034626722335815,0.9089473684210526,0.8957894736842106,0.911578947368421,0.8984210526315789,1900
