,kl,js,acc_real_real,acc_real_gen,acc_gen_real,acc_gen_gen,n_val
0,1.423574447631836,0.4398866295814514,0.9089473684210526,0.8957894736842106,0.9126315789473685,0.9,1900
