,kl,js,acc_real_real,acc_real_gen,acc_gen_real,acc_gen_gen,n_val
0,1.8104822635650635,0.5799547433853149,0.9094736842105263,0.8847368421052632,0.9110526315789473,0.8842105263157894,1900
