,kl,js,acc_real_real,acc_real_gen,acc_gen_real,acc_gen_gen,n_val
0,1.22139573097229,0.47903168201446533,0.91,0.9052631578947369,0.9057894736842105,0.9063157894736842,1900
