,kl,js,acc_real_real,acc_real_gen,acc_gen_real,acc_gen_gen,n_val
0,2.7819340229034424,0.47907769680023193,0.9068421052631579,0.9278947368421052,0.9010526315789473,0.9331578947368421,1900
