,kl,js,acc_real_real,acc_real_gen,acc_gen_real,acc_gen_gen,n_val
0,1.216943383216858,0.45874038338661194,0.9068421052631579,0.8942105263157895,0.9026315789473685,0.901578947368421,1900
