,kl,js,acc_real_real,acc_real_gen,acc_gen_real,acc_gen_gen,n_val
0,1.3372249603271484,0.4830346405506134,0.9078947368421053,0.8926315789473684,0.9136842105263158,0.8973684210526316,1900
