,kl,js,acc_real_real,acc_real_gen,acc_gen_real,acc_gen_gen,n_val
0,0.5098598599433899,0.15449196100234985,0.9126315789473685,0.9042105263157895,0.9094736842105263,0.9057894736842105,1900
