,kl,js,acc_real_real,acc_real_gen,acc_gen_real,acc_gen_gen,n_val
0,0.8006893396377563,0.27928584814071655,0.9136842105263158,0.9005263157894737,0.9136842105263158,0.9057894736842105,1900
