,kl,js,acc_real_real,acc_real_gen,acc_gen_real,acc_gen_gen,n_val
0,4.483959674835205,0.7938513159751892,0.9063157894736842,0.9226315789473685,0.9021052631578947,0.9247368421052632,1900
