,kl,js,acc_real_real,acc_real_gen,acc_gen_real,acc_gen_gen,n_val
0,1.292898416519165,0.40120425820350647,0.9136842105263158,0.9042105263157895,0.9136842105263158,0.9073684210526316,1900
