,kl,js,acc_real_real,acc_real_gen,acc_gen_real,acc_gen_gen,n_val
0,1.6621077060699463,0.5360167026519775,0.9089473684210526,0.8978947368421053,0.9105263157894737,0.9005263157894737,1900
