,kl,js,acc_real_real,acc_real_gen,acc_gen_real,acc_gen_gen,n_val
0,1.2959058284759521,0.4412907361984253,0.9078947368421053,0.9026315789473685,0.9052631578947369,0.9068421052631579,1900
