,kl,js,acc_real_real,acc_real_gen,acc_gen_real,acc_gen_gen,n_val
0,1.6238884925842285,0.4719081521034241,0.9057894736842105,0.89,0.9110526315789473,0.8905263157894737,1900
