,kl,js,acc_real_real,acc_real_gen,acc_gen_real,acc_gen_gen,n_val
0,0.4488411545753479,0.14681684970855713,0.9147368421052632,0.901578947368421,0.9105263157894737,0.9068421052631579,1900
