,kl,js,acc_real_real,acc_real_gen,acc_gen_real,acc_gen_gen,n_val
0,1.4181671142578125,0.5023802518844604,0.9057894736842105,0.8836842105263157,0.9110526315789473,0.8821052631578947,1900
