,kl,js,acc_real_real,acc_real_gen,acc_gen_real,acc_gen_gen,n_val
0,0.4477597773075104,0.25483760237693787,0.9089473684210526,0.8894736842105263,0.9147368421052632,0.8973684210526316,1900
