,kl,js,acc_real_real,acc_real_gen,acc_gen_real,acc_gen_gen,n_val
0,1.0918171405792236,0.4234602153301239,0.9147368421052632,0.9010526315789473,0.911578947368421,0.9052631578947369,1900
