,kl,js,acc_real_real,acc_real_gen,acc_gen_real,acc_gen_gen,n_val
0,4.726130485534668,0.7618184089660645,0.9068421052631579,0.9057894736842105,0.8936842105263157,0.9021052631578947,1900
