,kl,js,acc_real_real,acc_real_gen,acc_gen_real,acc_gen_gen,n_val
0,6.003291606903076,0.8593643307685852,0.9052631578947369,0.8863157894736842,0.9042105263157895,0.8894736842105263,1900
