,kl,js,acc_real_real,acc_real_gen,acc_gen_real,acc_gen_gen,n_val
0,7.078156471252441,0.8523107171058655,0.9094736842105263,0.9057894736842105,0.8978947368421053,0.9121052631578948,1900
