,kl,js,acc_real_real,acc_real_gen,acc_gen_real,acc_gen_gen,n_val
0,1.4633677005767822,0.4156610667705536,0.9057894736842105,0.8957894736842106,0.9026315789473685,0.9,1900
