,kl,js,acc_real_real,acc_real_gen,acc_gen_real,acc_gen_gen,n_val
0,0.3554975986480713,0.24802115559577942,0.9105263157894737,0.9047368421052632,0.9094736842105263,0.9068421052631579,1900
