,kl,js,acc_real_real,acc_real_gen,acc_gen_real,acc_gen_gen,n_val
0,6.9011549949646,0.8330944180488586,0.9047368421052632,0.8778947368421053,0.8957894736842106,0.8768421052631579,1900
