,kl,js,acc_real_real,acc_real_gen,acc_gen_real,acc_gen_gen,n_val
0,0.49104660749435425,0.1555749475955963,0.9131578947368421,0.9026315789473685,0.9105263157894737,0.9036842105263158,1900
