,kl,js,acc_real_real,acc_real_gen,acc_gen_real,acc_gen_gen,n_val
0,0.930951714515686,0.2996731698513031,0.9147368421052632,0.9142105263157895,0.9147368421052632,0.9136842105263158,1900
