,kl,js,acc_real_real,acc_real_gen,acc_gen_real,acc_gen_gen,n_val
0,4.9247894287109375,0.7954089641571045,0.9084210526315789,0.9057894736842105,0.9,0.9052631578947369,1900
