,kl,js,acc_real_real,acc_real_gen,acc_gen_real,acc_gen_gen,n_val
0,0.8778811693191528,0.2949306070804596,0.9047368421052632,0.9136842105263158,0.9026315789473685,0.9168421052631579,1900
