,kl,js,acc_real_real,acc_real_gen,acc_gen_real,acc_gen_gen,n_val
0,0.4735073447227478,0.31046050786972046,0.9068421052631579,0.9126315789473685,0.9026315789473685,0.9152631578947369,1900
