,kl,js,acc_real_real,acc_real_gen,acc_gen_real,acc_gen_gen,n_val
0,0.706041157245636,0.3779814541339874,0.9157894736842105,0.901578947368421,0.9157894736842105,0.901578947368421,1900
