,kl,js,acc_real_real,acc_real_gen,acc_gen_real,acc_gen_gen,n_val
0,4.601431369781494,0.7787108421325684,0.9073684210526316,0.9057894736842105,0.8978947368421053,0.9021052631578947,1900
