,kl,js,acc_real_real,acc_real_gen,acc_gen_real,acc_gen_gen,n_val
0,1.0692588090896606,0.4418279230594635,0.9126315789473685,0.9068421052631579,0.911578947368421,0.9089473684210526,1900
