,kl,js,acc_real_real,acc_real_gen,acc_gen_real,acc_gen_gen,n_val
0,1.2369391918182373,0.5507587790489197,0.9063157894736842,0.8847368421052632,0.9110526315789473,0.888421052631579,1900
