,kl,js,acc_real_real,acc_real_gen,acc_gen_real,acc_gen_gen,n_val
0,0.8956999182701111,0.3039196729660034,0.9121052631578948,0.9063157894736842,0.9147368421052632,0.9084210526315789,1900
