,kl,js,acc_real_real,acc_real_gen,acc_gen_real,acc_gen_gen,n_val
0,0.8954262137413025,0.29740360379219055,0.9131578947368421,0.9068421052631579,0.9147368421052632,0.9110526315789473,1900
