,kl,js,acc_real_real,acc_real_gen,acc_gen_real,acc_gen_gen,n_val
0,6.8984856605529785,0.8536608219146729,0.9089473684210526,0.9068421052631579,0.8978947368421053,0.9131578947368421,1900
