,kl,js,acc_real_real,acc_real_gen,acc_gen_real,acc_gen_gen,n_val
0,1.5512405633926392,0.5407314300537109,0.9089473684210526,0.8910526315789473,0.91,0.8952631578947369,1900
