,kl,js,acc_real_real,acc_real_gen,acc_gen_real,acc_gen_gen,n_val
0,1.501124620437622,0.4583842158317566,0.9110526315789473,0.8878947368421053,0.911578947368421,0.888421052631579,1900
