,kl,js,acc_real_real,acc_real_gen,acc_gen_real,acc_gen_gen,n_val
0,1.1383349895477295,0.4611578583717346,0.9089473684210526,0.8868421052631579,0.9031578947368422,0.8868421052631579,1900
