,kl,js,acc_real_real,acc_real_gen,acc_gen_real,acc_gen_gen,n_val
0,0.8666150569915771,0.29988783597946167,0.9126315789473685,0.9110526315789473,0.9147368421052632,0.9142105263157895,1900
