,kl,js,acc_real_real,acc_real_gen,acc_gen_real,acc_gen_gen,n_val
0,0.5055552124977112,0.15817153453826904,0.9163157894736842,0.9052631578947369,0.9131578947368421,0.9068421052631579,1900
