,kl,js,acc_real_real,acc_real_gen,acc_gen_real,acc_gen_gen,n_val
0,1.3004451990127563,0.47251778841018677,0.9089473684210526,0.891578947368421,0.9121052631578948,0.8963157894736842,1900
