,kl,js,acc_real_real,acc_real_gen,acc_gen_real,acc_gen_gen,n_val
0,1.3338322639465332,0.4634290933609009,0.9094736842105263,0.8931578947368422,0.9036842105263158,0.8994736842105263,1900
