,kl,js,acc_real_real,acc_real_gen,acc_gen_real,acc_gen_gen,n_val
0,2.6321167945861816,0.6916599273681641,0.9094736842105263,0.8810526315789474,0.9068421052631579,0.8831578947368421,1900
