,kl,js,acc_real_real,acc_real_gen,acc_gen_real,acc_gen_gen,n_val
0,0.7871367335319519,0.2711643874645233,0.9136842105263158,0.89,0.9163157894736842,0.8963157894736842,1900
