,kl,js,acc_real_real,acc_real_gen,acc_gen_real,acc_gen_gen,n_val
0,1.584106683731079,0.5513252019882202,0.9073684210526316,0.8926315789473684,0.9089473684210526,0.8942105263157895,1900
