,kl,js,acc_real_real,acc_real_gen,acc_gen_real,acc_gen_gen,n_val
0,1.2798900604248047,0.45267045497894287,0.9105263157894737,0.9073684210526316,0.9126315789473685,0.9078947368421053,1900
