,kl,js,acc_real_real,acc_real_gen,acc_gen_real,acc_gen_gen,n_val
0,1.5135674476623535,0.5272260904312134,0.9105263157894737,0.9010526315789473,0.9126315789473685,0.9036842105263158,1900
