,kl,js,acc_real_real,acc_real_gen,acc_gen_real,acc_gen_gen,n_val
0,0.7278226017951965,0.2911684811115265,0.9131578947368421,0.9063157894736842,0.9147368421052632,0.9126315789473685,1900
