,kl,js,acc_real_real,acc_real_gen,acc_gen_real,acc_gen_gen,n_val
0,1.2733895778656006,0.43847712874412537,0.9131578947368421,0.8994736842105263,0.9131578947368421,0.9068421052631579,1900
