,kl,js,acc_real_real,acc_real_gen,acc_gen_real,acc_gen_gen,n_val
0,1.4676896333694458,0.4213237166404724,0.9078947368421053,0.8936842105263157,0.9142105263157895,0.9,1900
