,kl,js,acc_real_real,acc_real_gen,acc_gen_real,acc_gen_gen,n_val
0,1.5695606470108032,0.5577511787414551,0.9078947368421053,0.8973684210526316,0.911578947368421,0.9026315789473685,1900
