,kl,js,acc_real_real,acc_real_gen,acc_gen_real,acc_gen_gen,n_val
0,0.8600645661354065,0.3019053637981415,0.9157894736842105,0.9084210526315789,0.9142105263157895,0.9063157894736842,1900
