,kl,js,acc_real_real,acc_real_gen,acc_gen_real,acc_gen_gen,n_val
0,1.1872042417526245,0.4373296797275543,0.9078947368421053,0.8926315789473684,0.9121052631578948,0.8978947368421053,1900
