,kl,js,acc_real_real,acc_real_gen,acc_gen_real,acc_gen_gen,n_val
0,3.520324945449829,0.5807682871818542,0.9078947368421053,0.9252631578947368,0.9031578947368422,0.9278947368421052,1900
