,kl,js,acc_real_real,acc_real_gen,acc_gen_real,acc_gen_gen,n_val
0,1.2107129096984863,0.49545174837112427,0.9078947368421053,0.9031578947368422,0.9036842105263158,0.9068421052631579,1900
