,kl,js,acc_real_real,acc_real_gen,acc_gen_real,acc_gen_gen,n_val
0,1.7029725313186646,0.5809720754623413,0.9073684210526316,0.8868421052631579,0.9078947368421053,0.888421052631579,1900
