,kl,js,acc_real_real,acc_real_gen,acc_gen_real,acc_gen_gen,n_val
0,0.5280182957649231,0.14789283275604248,0.9152631578947369,0.9036842105263158,0.9084210526315789,0.9073684210526316,1900
