,kl,js,acc_real_real,acc_real_gen,acc_gen_real,acc_gen_gen,n_val
0,4.53259801864624,0.7756337523460388,0.9078947368421053,0.9236842105263158,0.9021052631578947,0.9231578947368421,1900
