,kl,js,acc_real_real,acc_real_gen,acc_gen_real,acc_gen_gen,n_val
0,1.3828949928283691,0.5549569129943848,0.9063157894736842,0.9,0.9105263157894737,0.9021052631578947,1900
