,kl,js,acc_real_real,acc_real_gen,acc_gen_real,acc_gen_gen,n_val
0,1.1977277994155884,0.47249916195869446,0.9094736842105263,0.8836842105263157,0.9078947368421053,0.8836842105263157,1900
