,kl,js,acc_real_real,acc_real_gen,acc_gen_real,acc_gen_gen,n_val
0,2.8670694828033447,0.5175299644470215,0.9063157894736842,0.9289473684210526,0.901578947368421,0.9331578947368421,1900
