,kl,js,acc_real_real,acc_real_gen,acc_gen_real,acc_gen_gen,n_val
0,0.8065505623817444,0.28568074107170105,0.9078947368421053,0.9152631578947369,0.9021052631578947,0.9157894736842105,1900
