,kl,js,acc_real_real,acc_real_gen,acc_gen_real,acc_gen_gen,n_val
0,1.7080035209655762,0.4429680109024048,0.9084210526315789,0.8857894736842106,0.9057894736842105,0.8878947368421053,1900
