,kl,js,acc_real_real,acc_real_gen,acc_gen_real,acc_gen_gen,n_val
0,1.654384732246399,0.5680631995201111,0.9084210526315789,0.8857894736842106,0.9084210526315789,0.8873684210526316,1900
