,kl,js,acc_real_real,acc_real_gen,acc_gen_real,acc_gen_gen,n_val
0,0.2737313508987427,0.1426263153553009,0.9078947368421053,0.911578947368421,0.9126315789473685,0.9131578947368421,1900
