,kl,js,acc_real_real,acc_real_gen,acc_gen_real,acc_gen_gen,n_val
0,0.8059095144271851,0.25909391045570374,0.9131578947368421,0.901578947368421,0.9131578947368421,0.9068421052631579,1900
