,kl,js,acc_real_real,acc_real_gen,acc_gen_real,acc_gen_gen,n_val
0,0.7641517519950867,0.2848883867263794,0.9152631578947369,0.8894736842105263,0.9121052631578948,0.8952631578947369,1900
