,kl,js,acc_real_real,acc_real_gen,acc_gen_real,acc_gen_gen,n_val
0,0.8805306553840637,0.30686163902282715,0.9147368421052632,0.9057894736842105,0.911578947368421,0.9063157894736842,1900
