,kl,js,acc_real_real,acc_real_gen,acc_gen_real,acc_gen_gen,n_val
0,0.4376443922519684,0.14881664514541626,0.9163157894736842,0.9121052631578948,0.9121052631578948,0.9152631578947369,1900
