,kl,js,acc_real_real,acc_real_gen,acc_gen_real,acc_gen_gen,n_val
0,1.9512735605239868,0.6007978320121765,0.9078947368421053,0.8926315789473684,0.9105263157894737,0.8926315789473684,1900
