,kl,js,acc_real_real,acc_real_gen,acc_gen_real,acc_gen_gen,n_val
0,1.2040491104125977,0.4692319929599762,0.9078947368421053,0.9042105263157895,0.9042105263157895,0.9063157894736842,1900
