,kl,js,acc_real_real,acc_real_gen,acc_gen_real,acc_gen_gen,n_val
0,0.9555426239967346,0.3108843266963959,0.9126315789473685,0.9131578947368421,0.9142105263157895,0.9147368421052632,1900
