,kl,js,acc_real_real,acc_real_gen,acc_gen_real,acc_gen_gen,n_val
0,0.4841175675392151,0.14162161946296692,0.9136842105263158,0.9036842105263158,0.9131578947368421,0.9063157894736842,1900
