,kl,js,acc_real_real,acc_real_gen,acc_gen_real,acc_gen_gen,n_val
0,4.510576248168945,0.6496449112892151,0.9084210526315789,0.9252631578947368,0.901578947368421,0.9284210526315789,1900
