,kl,js,acc_real_real,acc_real_gen,acc_gen_real,acc_gen_gen,n_val
0,0.3256405293941498,0.14352017641067505,0.9168421052631579,0.9078947368421053,0.9142105263157895,0.9157894736842105,1900
