,kl,js,acc_real_real,acc_real_gen,acc_gen_real,acc_gen_gen,n_val
0,0.7564657330513,0.32411646842956543,0.9131578947368421,0.9005263157894737,0.9152631578947369,0.901578947368421,1900
